Cust ID,Cust Status,Category,Total billeld on actual,Total billed on estimate,Last bill type,billing tickets closed,Billing tickets in-progress,Other tickets closed,Other tickets in-progress,Avg  time to close a tickets,Paid
10001,ACTIVE,Domestic,4,1,ACTUAL,2,2,1,0,8,Yes
10002,ACTIVE,Domestic,0,6,ESTIMATE,0,1,2,1,9,Yes
10003,DISCONNECTED,Domestic,8,1,ACTUAL,1,2,1,1,8,No
10004,ACTIVE,Domestic,9,1,ACTUAL,0,3,4,2,1,No
10005,ACTIVE,Domestic,9,4,ACTUAL,1,0,4,1,1,Yes
10006,ACTIVE,Domestic,8,9,ESTIMATE,0,0,3,0,12,Yes
10007,ACTIVE,Domestic,18,4,ACTUAL,2,3,3,1,6,No
10008,ACTIVE,Domestic,0,14,ESTIMATE,0,2,2,2,6,No
10009,ACTIVE,Domestic,13,9,ESTIMATE,0,2,4,0,4,Yes
10010,ACTIVE,Domestic,20,4,ESTIMATE,3,1,1,0,8,Yes
10011,ACTIVE,Domestic,20,4,ACTUAL,2,1,5,0,25,Yes
10012,ACTIVE,Domestic,16,6,ACTUAL,7,1,5,2,12,No
10013,ACTIVE,Domestic,0,9,ACTUAL,0,0,3,0,2,Yes
10014,DISCONNECTED,Domestic,0,16,ACTUAL,0,0,3,0,30,No
10015,ACTIVE,Domestic,8,14,ESTIMATE,3,1,0,0,9,No
10016,ACTIVE,Commercial,17,8,ESTIMATE,2,2,2,1,29,Yes
10017,ACTIVE,Domestic,22,3,ESTIMATE,1,1,4,1,28,Yes
10018,ACTIVE,Domestic,0,15,ESTIMATE,0,1,5,0,27,Yes
10019,ACTIVE,Domestic,4,22,ESTIMATE,1,3,2,1,9,Yes
10020,ACTIVE,Domestic,9,13,ESTIMATE,1,1,5,2,28,No
10021,ACTIVE,Domestic,1,24,ESTIMATE,5,0,0,0,19,Yes
10022,ACTIVE,Domestic,3,23,ESTIMATE,1,1,1,0,23,No
10023,ACTIVE,Domestic,27,0,ESTIMATE,1,3,1,2,5,Yes
10024,ACTIVE,Domestic,1,25,ACTUAL,2,1,3,0,13,Yes
10025,DISCONNECTED,Domestic,0,9,ACTUAL,1,0,1,0,1,No
10026,ACTIVE,Domestic,14,13,ESTIMATE,0,0,0,1,4,No
10027,ACTIVE,Domestic,0,26,ACTUAL,2,0,4,0,1,No
10028,ACTIVE,Domestic,2,25,ACTUAL,1,0,0,1,28,No
10029,ACTIVE,Domestic,0,27,ESTIMATE,1,0,5,1,8,Yes
10030,ACTIVE,Domestic,0,25,ACTUAL,1,2,0,1,24,Yes
10031,ACTIVE,Domestic,15,11,ESTIMATE,4,3,5,0,13,Yes
10032,ACTIVE,Domestic,16,8,ESTIMATE,2,2,4,0,7,Yes
10033,ACTIVE,Domestic,1,26,ESTIMATE,0,1,5,2,15,Yes
10034,ACTIVE,Domestic,10,16,ESTIMATE,4,0,5,0,25,No
10035,ACTIVE,Domestic,2,25,ACTUAL,1,0,1,1,29,Yes
10036,ACTIVE,Domestic,9,18,ACTUAL,1,3,5,1,9,Yes
10037,ACTIVE,Domestic,13,14,ACTUAL,1,1,4,1,13,Yes
10038,ACTIVE,Domestic,13,14,ESTIMATE,2,2,2,0,21,No
10039,ACTIVE,Commercial,24,3,ESTIMATE,2,1,2,1,26,Yes
10040,ACTIVE,Domestic,1,26,ACTUAL,0,3,5,1,2,Yes
10041,ACTIVE,Domestic,19,5,ACTUAL,3,2,2,2,9,No
10042,ACTIVE,Domestic,18,9,ACTUAL,4,2,0,0,9,Yes
10043,ACTIVE,Domestic,6,21,ACTUAL,0,1,1,0,16,Yes
10044,ACTIVE,Domestic,16,3,ESTIMATE,1,1,0,1,30,Yes
10045,ACTIVE,Domestic,7,20,ESTIMATE,2,1,4,1,21,Yes
10046,ACTIVE,Domestic,23,3,ESTIMATE,0,1,2,2,6,Yes
10047,ACTIVE,Domestic,22,5,ACTUAL,4,0,4,1,9,Yes
10048,ACTIVE,Domestic,27,0,ACTUAL,1,2,5,1,25,No
10049,ACTIVE,Domestic,0,26,ACTUAL,0,1,4,0,3,No
10050,ACTIVE,Domestic,23,4,ESTIMATE,5,0,2,2,25,No
10051,ACTIVE,Domestic,26,1,ESTIMATE,2,2,2,1,5,No
10052,ACTIVE,Domestic,14,13,ACTUAL,0,3,0,2,7,No
10053,ACTIVE,Domestic,16,11,ACTUAL,3,0,1,1,5,No
10054,DISCONNECTED,Domestic,4,23,ESTIMATE,0,0,4,1,5,No
10055,ACTIVE,Domestic,20,7,ACTUAL,5,3,4,1,6,No
10056,DISCONNECTED,Domestic,26,1,ACTUAL,0,1,3,2,18,Yes
10057,DISCONNECTED,Domestic,21,6,ESTIMATE,0,0,0,0,7,Yes
10058,ACTIVE,Domestic,0,27,ACTUAL,2,1,2,0,16,Yes
10059,DISCONNECTED,Domestic,27,0,ESTIMATE,1,3,4,1,28,Yes
10060,DISCONNECTED,Domestic,0,27,ESTIMATE,1,1,2,1,21,Yes
10061,DISCONNECTED,Domestic,0,27,ACTUAL,0,3,2,0,20,No
10062,ACTIVE,Domestic,0,27,ACTUAL,0,3,2,2,25,Yes
10063,DISCONNECTED,Domestic,25,2,ACTUAL,5,3,0,0,20,Yes
10064,ACTIVE,Domestic,16,10,ACTUAL,2,1,3,2,8,No
10065,DISCONNECTED,Domestic,9,14,ACTUAL,1,3,1,1,30,No
10066,DISCONNECTED,Domestic,25,1,ACTUAL,0,0,2,2,10,Yes
10067,ACTIVE,Domestic,1,26,ESTIMATE,1,3,4,2,10,No
10068,ACTIVE,Domestic,1,26,ESTIMATE,1,3,1,0,23,Yes
10069,ACTIVE,Domestic,11,15,ESTIMATE,5,1,1,2,4,No
10070,ACTIVE,Commercial,3,24,ACTUAL,2,1,2,1,2,Yes
10071,DISCONNECTED,Domestic,11,16,ESTIMATE,4,2,3,2,17,No
10072,DISCONNECTED,Domestic,27,0,ACTUAL,0,2,0,1,26,No
10073,ACTIVE,Domestic,0,13,ACTUAL,0,3,2,1,27,No
10074,DISCONNECTED,Domestic,22,4,ACTUAL,0,2,1,1,4,No
10075,ACTIVE,Domestic,11,14,ACTUAL,3,0,5,0,21,No
10076,DISCONNECTED,Domestic,3,20,ESTIMATE,3,3,4,0,6,No
10077,ACTIVE,Domestic,26,1,ACTUAL,5,2,1,1,10,No
10078,DISCONNECTED,Domestic,25,2,ACTUAL,3,3,1,2,11,No
10079,DISCONNECTED,Domestic,8,18,ACTUAL,4,0,2,0,4,No
10080,ACTIVE,Domestic,0,27,ACTUAL,2,2,4,0,6,Yes
10081,DISCONNECTED,Domestic,0,27,ESTIMATE,0,0,5,0,27,Yes
10082,DISCONNECTED,Domestic,23,4,ESTIMATE,3,1,1,1,6,Yes
10083,ACTIVE,Domestic,1,26,ACTUAL,2,3,3,0,18,No
10084,DISCONNECTED,Domestic,9,14,ESTIMATE,6,2,3,2,25,No
10085,DISCONNECTED,Domestic,1,26,ESTIMATE,2,2,0,0,13,No
10086,ACTIVE,Domestic,13,14,ACTUAL,1,1,5,0,4,No
10087,ACTIVE,Domestic,27,0,ACTUAL,0,2,5,1,15,No
10088,ACTIVE,Domestic,15,11,ACTUAL,2,3,2,1,19,No
10089,DISCONNECTED,Domestic,10,17,ESTIMATE,6,2,1,2,24,No
10090,DISCONNECTED,Domestic,11,15,ESTIMATE,4,0,0,0,15,No
10091,ACTIVE,Domestic,9,17,ACTUAL,8,3,3,2,18,No
10092,ACTIVE,Domestic,24,3,ACTUAL,2,0,2,0,11,Yes
10093,ACTIVE,Domestic,1,26,ESTIMATE,1,3,0,0,5,Yes
10094,ACTIVE,Domestic,13,14,ACTUAL,1,0,3,1,6,No
10095,ACTIVE,Domestic,25,2,ESTIMATE,4,0,1,1,7,Yes
10096,ACTIVE,Domestic,26,1,ACTUAL,0,2,4,2,27,No
10097,ACTIVE,Domestic,22,4,ACTUAL,0,2,3,1,6,Yes
10098,ACTIVE,Domestic,19,8,ESTIMATE,2,0,0,0,20,No
10099,ACTIVE,Domestic,11,12,ACTUAL,2,2,0,1,21,Yes
10100,ACTIVE,Domestic,19,8,ACTUAL,1,2,1,2,16,No
10101,ACTIVE,Domestic,0,21,ACTUAL,0,0,4,1,25,Yes
10102,ACTIVE,Domestic,1,26,ACTUAL,1,0,0,1,4,No
10103,ACTIVE,Domestic,16,11,ACTUAL,10,0,0,2,7,Yes
10104,ACTIVE,Domestic,18,9,ACTUAL,1,0,0,1,19,Yes
10105,ACTIVE,Domestic,20,7,ESTIMATE,0,0,5,1,28,Yes
10106,ACTIVE,Commercial,25,2,ACTUAL,1,3,3,0,22,No
10107,ACTIVE,Domestic,6,21,ACTUAL,3,3,2,1,15,No
10108,ACTIVE,Domestic,2,25,ESTIMATE,2,3,2,2,6,No
10109,ACTIVE,Domestic,2,25,ESTIMATE,0,2,5,0,2,No
10110,ACTIVE,Domestic,22,5,ESTIMATE,9,0,1,1,13,No
10111,ACTIVE,Domestic,17,10,ACTUAL,1,0,2,2,6,No
10112,ACTIVE,Domestic,26,1,ACTUAL,0,3,3,0,12,No
10113,ACTIVE,Domestic,0,27,ESTIMATE,0,0,1,1,27,Yes
10114,ACTIVE,Domestic,12,14,ACTUAL,2,1,5,2,17,No
10115,ACTIVE,Domestic,22,5,ACTUAL,2,0,5,1,14,Yes
10116,ACTIVE,Domestic,2,11,ESTIMATE,2,2,1,2,18,No
10117,ACTIVE,Domestic,19,8,ACTUAL,2,2,0,1,14,No
10118,ACTIVE,Domestic,0,24,ACTUAL,4,0,3,1,12,No
10119,ACTIVE,Domestic,12,12,ACTUAL,7,2,5,2,23,No
10120,ACTIVE,Domestic,25,2,ACTUAL,0,3,5,1,8,No
10121,ACTIVE,Domestic,0,25,ESTIMATE,0,0,3,2,27,No
10122,ACTIVE,Domestic,0,26,ACTUAL,1,1,1,2,3,No
10123,ACTIVE,Domestic,23,3,ACTUAL,2,1,4,1,20,No
10124,ACTIVE,Domestic,26,1,ACTUAL,1,1,0,1,9,No
10125,ACTIVE,Domestic,22,5,ESTIMATE,4,3,1,1,18,No
10126,ACTIVE,Domestic,1,23,ACTUAL,2,1,5,2,10,No
10127,ACTIVE,Domestic,15,10,ACTUAL,1,3,0,1,12,No
10128,ACTIVE,Domestic,17,10,ACTUAL,2,3,1,1,11,Yes
10129,ACTIVE,Domestic,6,21,ACTUAL,1,0,0,2,26,Yes
10130,DISCONNECTED,Domestic,4,22,ESTIMATE,5,3,3,2,22,Yes
10131,ACTIVE,Domestic,24,3,ACTUAL,4,2,5,2,7,Yes
10132,ACTIVE,Domestic,25,2,ESTIMATE,0,2,0,1,28,No
10133,ACTIVE,Domestic,23,4,ACTUAL,2,3,5,0,14,No
10134,ACTIVE,Domestic,27,0,ACTUAL,0,0,2,0,14,No
10135,ACTIVE,Domestic,0,27,ACTUAL,0,1,4,0,2,Yes
10136,ACTIVE,Domestic,16,9,ESTIMATE,2,2,3,0,2,No
10137,ACTIVE,Domestic,14,11,ACTUAL,2,0,3,1,29,Yes
10138,ACTIVE,Domestic,1,26,ACTUAL,3,3,1,0,19,No
10139,ACTIVE,Domestic,23,4,ACTUAL,2,2,1,2,10,Yes
10140,ACTIVE,Domestic,19,8,ACTUAL,2,0,0,0,18,No
10141,ACTIVE,Domestic,0,27,ACTUAL,0,3,1,2,5,Yes
10142,ACTIVE,Domestic,24,3,ESTIMATE,1,2,1,0,9,No
10143,ACTIVE,Commercial,0,27,ACTUAL,4,2,2,1,28,No
10144,ACTIVE,Domestic,0,27,ACTUAL,1,0,1,1,25,No
10145,ACTIVE,Domestic,0,27,ACTUAL,4,1,0,1,7,No
10146,ACTIVE,Domestic,27,0,ACTUAL,0,0,0,0,26,No
10147,DISCONNECTED,Domestic,15,12,ESTIMATE,0,3,0,0,17,No
10148,DISCONNECTED,Domestic,18,9,ESTIMATE,4,1,3,1,16,No
10149,ACTIVE,Domestic,8,19,ACTUAL,0,2,2,2,9,Yes
10150,ACTIVE,Domestic,22,5,ACTUAL,1,3,2,1,4,Yes
10151,ACTIVE,Domestic,24,3,ESTIMATE,3,0,1,1,19,No
10152,ACTIVE,Domestic,19,8,ESTIMATE,0,2,0,2,24,Yes
10153,ACTIVE,Domestic,22,4,ESTIMATE,2,1,3,2,12,Yes
10154,ACTIVE,Domestic,26,1,ACTUAL,0,0,5,2,30,No
10155,ACTIVE,Domestic,1,26,ACTUAL,2,2,5,2,18,Yes
10156,ACTIVE,Domestic,25,2,ACTUAL,1,3,2,2,13,Yes
10157,ACTIVE,Domestic,10,17,ACTUAL,2,2,3,2,30,Yes
10158,ACTIVE,Domestic,4,23,ESTIMATE,1,0,2,2,20,Yes
10159,ACTIVE,Domestic,8,16,ESTIMATE,1,1,5,0,21,No
10160,ACTIVE,Domestic,22,5,ACTUAL,0,2,4,1,24,Yes
10161,ACTIVE,Domestic,15,11,ACTUAL,6,1,5,0,2,Yes
10162,ACTIVE,Domestic,18,9,ACTUAL,3,0,1,0,13,Yes
10163,ACTIVE,Domestic,0,27,ACTUAL,3,2,3,0,29,No
10164,ACTIVE,Domestic,23,4,ESTIMATE,3,1,3,1,14,No
10165,ACTIVE,Domestic,26,1,ESTIMATE,5,1,5,1,8,No
10166,ACTIVE,Domestic,19,8,ESTIMATE,2,0,3,0,5,No
10167,ACTIVE,Domestic,26,1,ACTUAL,1,0,4,2,4,No
10168,ACTIVE,Domestic,8,19,ACTUAL,2,3,1,0,5,No
10169,ACTIVE,Domestic,23,3,ESTIMATE,1,3,1,2,24,Yes
10170,ACTIVE,Domestic,25,2,ACTUAL,0,0,1,2,13,Yes
10171,ACTIVE,Domestic,5,9,ACTUAL,2,1,4,2,18,Yes
10172,ACTIVE,Domestic,23,4,ESTIMATE,7,3,1,2,15,Yes
10173,ACTIVE,Commercial,9,14,ESTIMATE,5,2,5,2,19,No
10174,ACTIVE,Domestic,1,26,ESTIMATE,1,3,5,2,16,No
10175,ACTIVE,Domestic,0,27,ACTUAL,1,3,4,0,11,No
10176,ACTIVE,Domestic,0,27,ACTUAL,0,1,3,1,9,Yes
10177,ACTIVE,Domestic,9,18,ACTUAL,8,3,0,2,13,No
10178,ACTIVE,Domestic,21,2,ACTUAL,2,3,5,0,27,No
10179,ACTIVE,Domestic,25,2,ESTIMATE,1,2,5,0,24,No
10180,ACTIVE,Domestic,17,10,ESTIMATE,5,0,0,2,4,Yes
10181,ACTIVE,Domestic,7,16,ESTIMATE,2,3,5,2,14,Yes
10182,ACTIVE,Domestic,0,27,ESTIMATE,0,2,5,0,3,No
10183,ACTIVE,Domestic,0,26,ACTUAL,5,0,4,0,11,No
10184,ACTIVE,Domestic,20,7,ACTUAL,3,1,5,0,11,Yes
10185,ACTIVE,Domestic,0,27,ESTIMATE,0,0,1,2,6,No
10186,ACTIVE,Domestic,6,21,ACTUAL,2,3,1,2,10,No
10187,ACTIVE,Domestic,20,6,ACTUAL,2,2,5,2,2,Yes
10188,ACTIVE,Domestic,2,25,ACTUAL,0,3,0,1,6,Yes
10189,ACTIVE,Domestic,23,4,ACTUAL,1,1,0,0,24,Yes
10190,ACTIVE,Domestic,7,19,ACTUAL,0,3,4,0,27,Yes
10191,ACTIVE,Domestic,7,20,ESTIMATE,3,0,4,2,25,Yes
10192,ACTIVE,Domestic,1,26,ESTIMATE,2,1,3,0,8,Yes
10193,ACTIVE,Domestic,3,23,ESTIMATE,1,1,0,1,8,No
10194,ACTIVE,Domestic,0,27,ESTIMATE,0,0,4,2,21,No
10195,ACTIVE,Domestic,3,23,ACTUAL,1,1,3,2,17,No
10196,ACTIVE,Domestic,23,4,ACTUAL,3,3,3,0,5,No
10197,ACTIVE,Domestic,0,27,ACTUAL,3,0,1,0,6,No
10198,ACTIVE,Domestic,19,8,ACTUAL,0,1,1,1,13,No
10199,ACTIVE,Domestic,27,0,ESTIMATE,3,3,1,2,4,No
10200,ACTIVE,Domestic,20,7,ACTUAL,0,1,2,2,8,No
10201,ACTIVE,Domestic,10,5,ACTUAL,3,0,5,0,17,No
10202,ACTIVE,Domestic,10,3,ACTUAL,3,1,5,1,21,No
10203,ACTIVE,Domestic,9,5,ACTUAL,2,0,5,1,7,No
10204,ACTIVE,Domestic,4,5,ACTUAL,2,1,1,2,18,No
10205,ACTIVE,Domestic,9,2,ESTIMATE,2,2,4,1,9,Yes
10206,DISCONNECTED,Domestic,8,4,ESTIMATE,1,2,4,1,23,Yes
10207,DISCONNECTED,Domestic,10,0,ACTUAL,3,3,0,0,8,Yes
10208,ACTIVE,Domestic,10,0,ESTIMATE,1,1,5,1,7,Yes
10209,DISCONNECTED,Domestic,4,5,ESTIMATE,2,2,2,2,14,Yes
10210,DISCONNECTED,Domestic,4,0,ACTUAL,2,3,5,1,21,Yes
10211,ACTIVE,Domestic,3,5,ACTUAL,0,3,0,0,3,Yes
10212,ACTIVE,Domestic,5,4,ACTUAL,1,0,0,2,4,No
10213,ACTIVE,Domestic,1,1,ESTIMATE,2,2,5,2,7,No
10214,ACTIVE,Domestic,9,0,ACTUAL,3,1,4,0,23,No
10215,ACTIVE,Domestic,7,0,ESTIMATE,0,3,3,2,23,No
10216,ACTIVE,Commercial,3,4,ESTIMATE,3,1,0,2,3,No
10217,ACTIVE,Domestic,0,2,ACTUAL,0,1,1,1,15,Yes
10218,ACTIVE,Domestic,6,1,ACTUAL,1,2,1,2,12,Yes
10219,ACTIVE,Domestic,5,5,ESTIMATE,3,2,2,2,21,Yes
10220,ACTIVE,Domestic,10,2,ACTUAL,0,0,4,1,20,No
10221,ACTIVE,Domestic,0,2,ACTUAL,1,0,4,1,6,Yes
10222,ACTIVE,Domestic,4,2,ESTIMATE,0,3,4,1,9,Yes
10223,ACTIVE,Domestic,8,0,ESTIMATE,1,0,2,2,2,Yes
10224,ACTIVE,Domestic,4,4,ESTIMATE,1,2,5,2,18,Yes
10225,ACTIVE,Domestic,10,0,ACTUAL,1,1,5,1,7,Yes
10226,ACTIVE,Domestic,1,1,ACTUAL,3,2,2,1,10,Yes
10227,ACTIVE,Domestic,2,3,ESTIMATE,1,1,5,1,8,No
10228,ACTIVE,Domestic,9,2,ACTUAL,3,1,4,1,8,No
10229,ACTIVE,Domestic,2,2,ACTUAL,2,0,5,1,3,No
10230,ACTIVE,Domestic,8,1,ESTIMATE,0,0,3,2,5,No
10231,ACTIVE,Domestic,6,5,ESTIMATE,2,0,5,2,14,No
10232,ACTIVE,Domestic,8,1,ACTUAL,0,2,4,0,11,No
10233,ACTIVE,Domestic,2,1,ACTUAL,3,1,4,2,20,No
10234,ACTIVE,Domestic,1,3,ESTIMATE,2,2,0,0,21,No
10235,ACTIVE,Domestic,9,4,ESTIMATE,0,2,5,0,6,No
10236,ACTIVE,Domestic,10,1,ACTUAL,3,2,1,2,22,No
10237,ACTIVE,Domestic,1,3,ACTUAL,3,1,3,0,7,Yes
10238,ACTIVE,Domestic,0,0,ACTUAL,0,2,4,1,3,Yes
10239,ACTIVE,Domestic,9,1,ESTIMATE,1,2,4,0,5,Yes
10240,ACTIVE,Domestic,1,3,ACTUAL,2,1,4,0,17,Yes
10241,ACTIVE,Domestic,0,0,ESTIMATE,2,0,3,1,22,Yes
10242,ACTIVE,Domestic,6,0,ACTUAL,1,3,4,2,15,Yes
10243,ACTIVE,Domestic,10,2,ACTUAL,2,1,3,0,16,Yes
10244,ACTIVE,Domestic,0,3,ESTIMATE,3,1,5,1,22,Yes
10245,ACTIVE,Domestic,8,5,ACTUAL,3,3,1,1,6,No
10246,ACTIVE,Domestic,10,2,ACTUAL,2,0,0,0,13,No
10247,ACTIVE,Domestic,9,3,ACTUAL,0,2,2,2,8,No
10248,ACTIVE,Domestic,8,0,ACTUAL,3,3,3,1,17,No
10249,ACTIVE,Domestic,9,0,ESTIMATE,0,0,3,1,22,No
10250,ACTIVE,Commercial,0,0,ACTUAL,1,3,5,2,5,No
10251,ACTIVE,Commercial,1,1,ESTIMATE,3,3,3,1,7,No
10252,ACTIVE,Domestic,6,3,ACTUAL,0,1,2,2,15,Yes
10253,ACTIVE,Commercial,1,5,ESTIMATE,3,0,3,1,14,Yes
10254,ACTIVE,Domestic,8,1,ACTUAL,1,2,0,0,9,Yes
10255,ACTIVE,Commercial,10,2,ACTUAL,2,2,0,0,14,Yes
10256,ACTIVE,Domestic,10,2,ESTIMATE,3,1,4,1,12,Yes
10257,ACTIVE,Domestic,2,4,ESTIMATE,1,0,2,0,21,Yes
10258,ACTIVE,Domestic,3,5,ESTIMATE,2,1,5,2,15,No
10259,ACTIVE,Domestic,8,4,ACTUAL,3,2,5,1,22,No
10260,ACTIVE,Domestic,7,0,ACTUAL,1,3,1,2,20,No
10261,ACTIVE,Domestic,10,4,ESTIMATE,2,2,3,0,12,No
10262,ACTIVE,Domestic,8,0,ESTIMATE,0,3,2,2,3,No
10263,ACTIVE,Domestic,0,4,ACTUAL,0,2,5,2,15,No
10264,ACTIVE,Domestic,3,2,ACTUAL,2,2,5,1,7,No
10265,ACTIVE,Domestic,0,5,ACTUAL,2,2,3,2,6,No
10266,ACTIVE,Domestic,2,0,ESTIMATE,0,1,0,2,20,Yes
10267,ACTIVE,Domestic,10,4,ESTIMATE,3,1,5,2,22,Yes
10268,ACTIVE,Domestic,5,1,ACTUAL,0,2,0,1,1,Yes
10269,ACTIVE,Domestic,4,0,ACTUAL,3,0,4,0,3,Yes
10270,ACTIVE,Domestic,9,4,ESTIMATE,3,2,4,2,12,Yes
10271,ACTIVE,Domestic,5,0,ESTIMATE,3,3,1,1,19,No
10272,ACTIVE,Domestic,5,5,ACTUAL,0,2,5,0,9,No
10273,ACTIVE,Domestic,10,2,ACTUAL,0,0,2,1,6,No
10274,ACTIVE,Domestic,1,5,ACTUAL,1,1,0,0,8,No
10275,ACTIVE,Commercial,2,3,ACTUAL,3,3,4,1,9,No
10276,ACTIVE,Domestic,8,2,ACTUAL,0,2,1,0,1,No
10277,ACTIVE,Domestic,4,2,ACTUAL,1,2,5,1,20,Yes
10278,ACTIVE,Domestic,10,0,ESTIMATE,2,2,2,1,15,Yes
10279,ACTIVE,Domestic,0,0,ESTIMATE,1,0,1,0,6,Yes
10280,ACTIVE,Domestic,4,4,ESTIMATE,0,2,2,1,23,Yes
10281,ACTIVE,Domestic,3,2,ACTUAL,2,0,4,1,5,Yes
10282,ACTIVE,Domestic,2,2,ACTUAL,1,0,5,1,7,Yes
10283,ACTIVE,Domestic,4,0,ACTUAL,2,2,5,2,11,Yes
10284,ACTIVE,Domestic,6,3,ACTUAL,0,1,3,0,15,Yes
10285,ACTIVE,Domestic,7,5,ACTUAL,0,0,2,2,5,Yes
10286,ACTIVE,Domestic,9,2,ESTIMATE,0,1,0,2,2,Yes
10287,ACTIVE,Domestic,0,0,ACTUAL,1,3,2,1,14,Yes
10288,ACTIVE,Domestic,4,2,ACTUAL,3,3,4,0,7,No
10289,ACTIVE,Domestic,3,3,ACTUAL,1,1,0,2,2,No
10290,ACTIVE,Domestic,5,2,ACTUAL,2,3,4,1,12,No
10291,ACTIVE,Domestic,5,1,ACTUAL,0,3,4,2,14,No
10292,ACTIVE,Commercial,2,4,ACTUAL,2,0,1,1,4,No
10293,ACTIVE,Domestic,9,5,ESTIMATE,2,3,3,0,21,No
10294,ACTIVE,Domestic,0,1,ACTUAL,0,0,5,0,10,No
10295,ACTIVE,Domestic,6,3,ACTUAL,1,1,5,0,8,No
10296,ACTIVE,Domestic,0,4,ACTUAL,1,1,2,1,7,No
10297,ACTIVE,Domestic,5,0,ACTUAL,1,2,1,0,10,No
10298,ACTIVE,Domestic,2,2,ESTIMATE,1,1,1,2,16,Yes
10299,ACTIVE,Domestic,0,0,ESTIMATE,1,0,0,0,1,No
10300,ACTIVE,Domestic,8,1,ACTUAL,0,3,0,2,15,No
10301,ACTIVE,Domestic,7,2,ESTIMATE,1,1,4,1,10,No
10302,ACTIVE,Domestic,7,0,ACTUAL,2,1,1,2,17,No
10303,ACTIVE,Domestic,5,3,ACTUAL,2,1,3,2,11,Yes
10304,ACTIVE,Domestic,4,2,ACTUAL,0,1,4,0,9,Yes
10305,ACTIVE,Domestic,0,4,ACTUAL,0,2,3,2,21,No
10306,ACTIVE,Domestic,0,2,ESTIMATE,3,0,0,1,16,No
10307,ACTIVE,Domestic,6,0,ACTUAL,0,2,2,2,3,No
10308,ACTIVE,Domestic,2,3,ESTIMATE,2,3,3,2,19,No
10309,ACTIVE,Domestic,10,1,ACTUAL,2,0,5,2,14,No
10310,ACTIVE,Commercial,5,5,ESTIMATE,2,1,2,1,9,No
10311,ACTIVE,Domestic,10,2,ACTUAL,3,2,0,1,17,No
10312,ACTIVE,Domestic,8,1,ACTUAL,2,3,4,0,22,No
10313,ACTIVE,Domestic,3,4,ACTUAL,2,1,0,1,5,No
10314,ACTIVE,Domestic,5,5,ACTUAL,1,1,0,2,22,No
10315,ACTIVE,Domestic,0,1,ACTUAL,3,1,2,0,9,Yes
10316,ACTIVE,Domestic,10,3,ESTIMATE,3,2,4,2,21,Yes
10317,ACTIVE,Domestic,6,4,ACTUAL,3,0,4,0,21,No
10318,ACTIVE,Domestic,7,4,ACTUAL,1,2,2,1,7,No
10319,ACTIVE,Domestic,1,5,ACTUAL,1,1,1,2,9,No
10320,ACTIVE,Domestic,0,1,ACTUAL,0,0,0,2,23,No
10321,ACTIVE,Domestic,9,2,ACTUAL,2,0,2,1,11,Yes
10322,ACTIVE,Domestic,0,2,ESTIMATE,1,1,4,2,9,Yes
10323,ACTIVE,Domestic,2,4,ACTUAL,1,1,4,0,11,No
10324,ACTIVE,Domestic,7,4,ESTIMATE,3,1,2,1,23,Yes
10325,ACTIVE,Commercial,8,3,ESTIMATE,3,0,2,1,1,No
10326,ACTIVE,Commercial,10,5,ACTUAL,1,2,5,0,24,No
10327,ACTIVE,Commercial,3,5,ACTUAL,3,2,1,2,9,No
10328,ACTIVE,Commercial,6,5,ESTIMATE,3,1,3,0,21,No
10329,ACTIVE,Domestic,5,5,ESTIMATE,2,3,5,1,9,No
10330,ACTIVE,Commercial,7,2,ACTUAL,0,0,0,0,8,No
10331,ACTIVE,Commercial,8,2,ACTUAL,1,1,3,0,7,No
10332,ACTIVE,Domestic,10,3,ACTUAL,0,3,0,2,4,No
10333,ACTIVE,Domestic,3,4,ESTIMATE,0,0,2,0,16,No
10334,ACTIVE,Domestic,10,4,ESTIMATE,3,2,0,1,10,No
10335,ACTIVE,Domestic,10,5,ACTUAL,0,1,5,2,20,No
10336,ACTIVE,Domestic,7,4,ACTUAL,2,3,5,2,6,Yes
10337,ACTIVE,Domestic,1,2,ESTIMATE,3,3,1,2,17,Yes
10338,ACTIVE,Domestic,1,2,ESTIMATE,2,1,3,1,4,No
10339,ACTIVE,Domestic,3,3,ACTUAL,3,1,2,2,2,No
10340,ACTIVE,Domestic,7,0,ACTUAL,0,3,2,0,17,No
10341,ACTIVE,Domestic,9,4,ACTUAL,2,0,5,1,8,No
10342,ACTIVE,Domestic,3,0,ESTIMATE,0,1,2,2,24,No
10343,ACTIVE,Domestic,2,4,ESTIMATE,0,3,5,1,10,No
10344,ACTIVE,Domestic,6,5,ACTUAL,0,1,0,0,21,No
10345,ACTIVE,Domestic,10,5,ACTUAL,3,1,1,2,2,No
10346,ACTIVE,Domestic,10,3,ACTUAL,3,0,1,1,2,No
10347,ACTIVE,Commercial,5,1,ACTUAL,1,2,4,2,13,Yes
10348,ACTIVE,Commercial,2,5,ESTIMATE,2,3,3,2,9,Yes
10349,ACTIVE,Commercial,3,2,ACTUAL,1,1,3,1,20,Yes
10350,ACTIVE,Domestic,5,5,ACTUAL,3,3,1,2,11,Yes
10351,ACTIVE,Domestic,0,3,ACTUAL,2,1,0,2,17,Yes
10352,ACTIVE,Domestic,0,1,ACTUAL,1,2,1,0,5,No
10353,ACTIVE,Domestic,0,0,ESTIMATE,3,0,4,0,24,No
10354,ACTIVE,Domestic,5,5,ACTUAL,1,2,2,0,24,No
10355,ACTIVE,Domestic,1,5,ACTUAL,0,3,2,2,8,No
10356,ACTIVE,Domestic,9,5,ACTUAL,1,1,0,2,20,No
10357,ACTIVE,Domestic,0,2,ESTIMATE,0,2,2,2,19,No
10358,ACTIVE,Domestic,3,0,ACTUAL,2,0,0,2,17,No
10359,ACTIVE,Domestic,8,1,ESTIMATE,0,3,2,0,19,No
10360,ACTIVE,Domestic,5,2,ACTUAL,0,2,4,1,3,Yes
10361,ACTIVE,Domestic,2,1,ACTUAL,3,3,5,1,16,Yes
10362,ACTIVE,Domestic,4,4,ACTUAL,1,3,0,2,22,Yes
10363,ACTIVE,Domestic,9,0,ACTUAL,2,0,5,1,6,Yes
10364,ACTIVE,Domestic,6,4,ACTUAL,0,0,4,2,23,No
10365,ACTIVE,Commercial,4,4,ESTIMATE,2,1,3,2,17,No
10366,ACTIVE,Commercial,2,0,ESTIMATE,2,3,5,1,23,No
10367,ACTIVE,Commercial,9,2,ESTIMATE,1,3,5,2,18,No
10368,ACTIVE,Domestic,9,4,ACTUAL,2,3,1,2,2,No
10369,ACTIVE,Domestic,5,2,ACTUAL,1,1,1,0,23,No
10370,ACTIVE,Domestic,9,5,ACTUAL,0,0,5,0,13,No
10371,ACTIVE,Domestic,5,3,ESTIMATE,2,3,3,2,8,Yes
10372,ACTIVE,Domestic,2,3,ESTIMATE,3,0,1,0,24,No
10373,ACTIVE,Domestic,4,5,ESTIMATE,2,2,0,0,5,Yes
10374,ACTIVE,Domestic,8,3,ESTIMATE,1,3,5,2,6,Yes
10375,ACTIVE,Domestic,6,4,ESTIMATE,2,2,4,0,24,Yes
10376,ACTIVE,Domestic,2,3,ACTUAL,0,2,5,1,11,No
10377,ACTIVE,Domestic,3,4,ACTUAL,0,0,3,1,2,Yes
10378,ACTIVE,Domestic,5,3,ESTIMATE,2,0,3,2,2,Yes
10379,ACTIVE,Domestic,1,5,ACTUAL,1,1,2,2,5,Yes
10380,ACTIVE,Domestic,1,2,ACTUAL,3,3,5,0,13,No
10381,ACTIVE,Domestic,8,5,ACTUAL,2,3,4,2,17,Yes
10382,ACTIVE,Domestic,6,4,ACTUAL,1,3,5,0,23,No
10383,ACTIVE,Domestic,2,5,ACTUAL,3,1,0,0,5,Yes
10384,ACTIVE,Domestic,8,1,ACTUAL,2,0,3,1,18,No
10385,ACTIVE,Domestic,5,3,ACTUAL,3,3,4,1,10,Yes
10386,ACTIVE,Domestic,7,1,ACTUAL,3,2,1,0,13,No
10387,ACTIVE,Domestic,3,4,ESTIMATE,0,0,2,1,2,Yes
10388,DISCONNECTED,Domestic,3,1,ESTIMATE,0,1,5,0,15,Yes
10389,ACTIVE,Domestic,2,2,ACTUAL,2,0,2,1,4,Yes
10390,DISCONNECTED,Domestic,6,1,ESTIMATE,1,1,3,2,20,Yes
10391,DISCONNECTED,Domestic,5,2,ACTUAL,2,3,4,1,7,Yes
10392,DISCONNECTED,Domestic,2,4,ESTIMATE,3,3,4,2,20,No
10393,ACTIVE,Domestic,7,4,ESTIMATE,0,3,4,2,24,No
10394,DISCONNECTED,Domestic,6,3,ESTIMATE,3,1,4,2,11,Yes
10395,ACTIVE,Domestic,1,1,ACTUAL,3,2,3,0,17,Yes
10396,ACTIVE,Domestic,1,5,ACTUAL,2,0,5,2,23,No
10397,ACTIVE,Domestic,2,4,ACTUAL,1,0,2,1,18,Yes
10398,ACTIVE,Domestic,8,5,ACTUAL,0,2,4,2,23,Yes
10399,ACTIVE,Domestic,7,1,ACTUAL,0,3,4,1,15,No
10400,ACTIVE,Domestic,3,3,ESTIMATE,1,2,0,1,2,Yes
10401,ACTIVE,Domestic,1,2,ACTUAL,1,2,2,0,9,Yes
10402,ACTIVE,Domestic,2,3,ACTUAL,0,3,4,2,19,Yes
10403,ACTIVE,Domestic,10,5,ACTUAL,3,3,5,0,23,Yes
10404,ACTIVE,Domestic,8,2,ACTUAL,2,0,5,0,6,Yes
10405,ACTIVE,Domestic,5,3,ESTIMATE,3,3,3,1,7,No
10406,ACTIVE,Domestic,0,5,ACTUAL,1,3,2,2,14,No
10407,ACTIVE,Domestic,0,0,ACTUAL,1,3,3,1,14,No
10408,ACTIVE,Domestic,5,2,ESTIMATE,0,1,3,0,17,No
10409,ACTIVE,Domestic,4,3,ACTUAL,0,1,0,2,7,No
10410,ACTIVE,Domestic,0,0,ACTUAL,1,3,2,1,22,Yes
10411,ACTIVE,Domestic,4,2,ACTUAL,2,2,4,0,16,Yes
10412,ACTIVE,Domestic,2,4,ACTUAL,0,1,0,1,7,No
10413,ACTIVE,Domestic,3,1,ESTIMATE,2,1,3,2,1,No
10414,ACTIVE,Domestic,6,4,ACTUAL,0,0,2,0,3,No
10415,ACTIVE,Domestic,7,4,ESTIMATE,3,2,1,1,19,Yes
10416,ACTIVE,Domestic,5,5,ACTUAL,3,3,1,2,5,No
10417,ACTIVE,Domestic,3,2,ACTUAL,2,1,2,2,1,No
10418,ACTIVE,Domestic,5,3,ESTIMATE,2,3,3,1,6,No
10419,ACTIVE,Domestic,10,4,ESTIMATE,3,1,2,1,10,No
10420,ACTIVE,Domestic,4,1,ESTIMATE,1,0,2,2,23,Yes
10421,ACTIVE,Domestic,7,5,ACTUAL,3,1,3,0,11,Yes
10422,ACTIVE,Domestic,1,4,ACTUAL,0,0,3,0,7,Yes
10423,ACTIVE,Domestic,8,4,ACTUAL,0,3,2,0,12,Yes
10424,ACTIVE,Domestic,3,1,ESTIMATE,3,1,4,2,4,Yes
10425,ACTIVE,Domestic,3,2,ESTIMATE,3,3,1,2,11,No
10426,ACTIVE,Domestic,2,0,ESTIMATE,1,2,3,0,16,No
10427,ACTIVE,Domestic,5,3,ACTUAL,0,3,3,0,21,No
10428,ACTIVE,Domestic,10,5,ACTUAL,1,3,1,0,10,No
10429,ACTIVE,Domestic,5,4,ACTUAL,3,0,3,1,21,No
10430,ACTIVE,Domestic,9,3,ACTUAL,2,3,4,0,5,Yes
10431,ACTIVE,Domestic,2,5,ESTIMATE,0,3,4,2,14,Yes
10432,ACTIVE,Domestic,7,2,ESTIMATE,0,0,5,2,4,Yes
10433,ACTIVE,Domestic,8,1,ACTUAL,2,0,0,2,12,No
10434,ACTIVE,Domestic,5,4,ACTUAL,1,2,3,2,17,No
10435,ACTIVE,Domestic,10,1,ACTUAL,3,1,2,1,22,No
10436,ACTIVE,Domestic,2,0,ACTUAL,3,2,0,1,8,No
10437,ACTIVE,Domestic,7,0,ESTIMATE,3,1,3,1,10,Yes
10438,ACTIVE,Commercial,4,5,ESTIMATE,1,0,0,2,23,Yes
10439,ACTIVE,Commercial,1,2,ACTUAL,2,1,1,1,24,No
10440,ACTIVE,Commercial,4,0,ACTUAL,2,1,2,2,3,No
10441,ACTIVE,Domestic,9,4,ACTUAL,0,0,1,2,11,No
10442,ACTIVE,Domestic,7,2,ESTIMATE,1,3,2,0,19,No
10443,ACTIVE,Domestic,9,3,ESTIMATE,0,0,3,1,8,No
10444,ACTIVE,Domestic,7,5,ACTUAL,1,2,0,1,16,Yes
10445,ACTIVE,Domestic,3,0,ACTUAL,1,2,2,1,24,No
10446,ACTIVE,Domestic,3,4,ACTUAL,3,0,4,0,23,Yes
10447,ACTIVE,Domestic,1,0,ESTIMATE,0,0,0,2,7,No
10448,ACTIVE,Domestic,6,4,ACTUAL,1,3,2,0,18,Yes
10449,ACTIVE,Domestic,5,1,ACTUAL,0,2,1,2,2,Yes
10450,ACTIVE,Domestic,7,3,ACTUAL,0,0,4,0,12,Yes
10451,ACTIVE,Domestic,2,4,ACTUAL,1,1,1,1,20,No
10452,ACTIVE,Domestic,1,3,ACTUAL,0,1,2,2,6,No
10453,ACTIVE,Domestic,9,4,ESTIMATE,1,2,2,1,8,No
10454,ACTIVE,Domestic,5,1,ACTUAL,2,3,5,1,23,No
10455,ACTIVE,Domestic,2,3,ESTIMATE,3,2,0,1,13,No
10456,ACTIVE,Domestic,8,1,ACTUAL,2,3,5,1,21,No
10457,ACTIVE,Domestic,2,2,ESTIMATE,1,1,2,2,24,Yes
10458,ACTIVE,Domestic,4,2,ACTUAL,3,1,3,1,14,Yes
10459,ACTIVE,Domestic,7,5,ACTUAL,3,3,1,1,10,Yes
10460,ACTIVE,Domestic,5,3,ESTIMATE,3,1,4,1,20,Yes
10461,ACTIVE,Domestic,8,0,ACTUAL,3,3,4,1,8,No
10462,ACTIVE,Domestic,4,4,ACTUAL,0,3,0,0,14,No
10463,ACTIVE,Domestic,7,5,ACTUAL,0,3,4,1,8,No
10464,ACTIVE,Domestic,4,4,ACTUAL,2,2,5,1,22,No
10465,ACTIVE,Domestic,2,4,ACTUAL,2,0,1,2,9,No
10466,ACTIVE,Domestic,8,2,ESTIMATE,0,2,3,1,7,Yes
10467,ACTIVE,Domestic,8,5,ACTUAL,1,0,4,1,1,Yes
10468,ACTIVE,Domestic,5,3,ACTUAL,2,0,5,1,7,Yes
10469,ACTIVE,Domestic,6,4,ACTUAL,2,0,4,1,20,Yes
10470,ACTIVE,Domestic,1,0,ESTIMATE,1,3,2,0,19,Yes
10471,ACTIVE,Domestic,1,1,ACTUAL,0,2,2,2,22,Yes
10472,ACTIVE,Commercial,6,0,ACTUAL,1,0,3,0,18,Yes
10473,ACTIVE,Commercial,5,4,ESTIMATE,2,1,4,0,10,No
10474,ACTIVE,Commercial,5,2,ESTIMATE,0,0,3,1,24,No
10475,ACTIVE,Commercial,0,5,ACTUAL,1,2,0,1,9,No
10476,ACTIVE,Commercial,10,5,ACTUAL,2,1,0,2,1,Yes
10477,ACTIVE,Commercial,3,5,ACTUAL,1,0,1,1,7,Yes
10478,ACTIVE,Commercial,8,4,ACTUAL,1,2,3,1,12,Yes
10479,ACTIVE,Commercial,7,5,ESTIMATE,0,1,2,0,1,Yes
10480,ACTIVE,Commercial,10,2,ACTUAL,2,3,4,0,5,No
10481,ACTIVE,Commercial,9,1,ESTIMATE,3,3,1,1,10,Yes
10482,ACTIVE,Commercial,0,3,ACTUAL,1,2,0,0,20,Yes
10483,ACTIVE,Commercial,8,2,ACTUAL,1,2,4,1,14,Yes
10484,ACTIVE,Commercial,7,3,ACTUAL,1,1,4,1,12,No
10485,ACTIVE,Domestic,8,5,ACTUAL,3,2,1,0,12,Yes
10486,ACTIVE,Domestic,10,5,ACTUAL,2,1,5,0,16,No
10487,ACTIVE,Domestic,0,3,ESTIMATE,1,2,0,1,1,Yes
10488,ACTIVE,Domestic,0,4,ACTUAL,2,0,4,1,5,No
10489,ACTIVE,Domestic,7,0,ACTUAL,3,0,1,0,2,Yes
10490,ACTIVE,Domestic,5,1,ACTUAL,1,2,4,1,15,Yes
10491,ACTIVE,Domestic,0,2,ESTIMATE,0,2,4,1,22,Yes
10492,ACTIVE,Domestic,6,5,ACTUAL,1,2,2,1,9,No
10493,ACTIVE,Domestic,5,2,ACTUAL,1,3,1,0,2,Yes
10494,ACTIVE,Domestic,4,0,ACTUAL,0,2,2,2,7,Yes
10495,ACTIVE,Domestic,6,2,ACTUAL,3,1,3,2,12,Yes
10496,ACTIVE,Domestic,10,5,ACTUAL,1,0,4,1,14,Yes
10497,ACTIVE,Domestic,6,2,ESTIMATE,1,1,2,0,14,Yes
10498,ACTIVE,Domestic,8,4,ACTUAL,3,3,1,0,23,Yes
10499,ACTIVE,Domestic,3,1,ACTUAL,2,1,4,2,12,Yes
10500,ACTIVE,Domestic,5,5,ACTUAL,1,2,1,0,1,Yes
10501,ACTIVE,Domestic,6,0,ESTIMATE,2,3,1,1,21,No
10502,ACTIVE,Domestic,10,3,ESTIMATE,0,0,2,0,19,Yes
10503,ACTIVE,Domestic,2,0,ESTIMATE,1,0,5,1,14,Yes
10504,ACTIVE,Domestic,3,2,ACTUAL,1,3,3,1,19,Yes
10505,ACTIVE,Domestic,10,0,ACTUAL,3,0,5,1,11,No
10506,ACTIVE,Domestic,6,4,ACTUAL,2,1,5,2,19,Yes
10507,ACTIVE,Domestic,1,1,ESTIMATE,3,2,4,2,10,Yes
10508,ACTIVE,Domestic,8,4,ESTIMATE,3,0,0,2,5,No
10509,ACTIVE,Domestic,6,4,ACTUAL,0,2,4,1,13,Yes
10510,ACTIVE,Domestic,3,3,ACTUAL,0,2,5,0,23,Yes
10511,ACTIVE,Domestic,9,4,ACTUAL,2,0,2,2,22,Yes
10512,ACTIVE,Domestic,9,0,ACTUAL,3,2,5,2,5,Yes
10513,ACTIVE,Domestic,5,1,ESTIMATE,0,1,3,2,14,Yes
10514,ACTIVE,Domestic,7,5,ACTUAL,3,0,3,2,24,Yes
10515,ACTIVE,Domestic,9,3,ACTUAL,2,1,1,1,23,No
10516,ACTIVE,Commercial,2,1,ESTIMATE,1,1,5,0,19,Yes
10517,ACTIVE,Domestic,4,4,ACTUAL,3,0,2,0,19,Yes
10518,ACTIVE,Domestic,4,0,ESTIMATE,0,0,4,2,16,Yes
10519,ACTIVE,Domestic,2,1,ACTUAL,2,1,2,2,11,Yes
10520,ACTIVE,Domestic,10,0,ACTUAL,3,1,1,2,13,No
10521,ACTIVE,Domestic,6,0,ESTIMATE,3,3,4,2,13,Yes
10522,ACTIVE,Domestic,6,5,ACTUAL,1,0,5,1,5,Yes
10523,ACTIVE,Domestic,2,5,ESTIMATE,2,3,1,0,18,No
10524,ACTIVE,Domestic,1,4,ESTIMATE,0,3,1,1,24,No
10525,ACTIVE,Domestic,6,5,ACTUAL,2,3,1,0,11,No
10526,ACTIVE,Domestic,0,2,ESTIMATE,2,2,4,2,5,No
10527,ACTIVE,Domestic,7,4,ACTUAL,3,2,5,1,10,No
10528,ACTIVE,Domestic,6,4,ESTIMATE,2,1,4,0,9,Yes
10529,ACTIVE,Domestic,9,5,ESTIMATE,0,3,5,0,24,Yes
10530,ACTIVE,Domestic,1,2,ACTUAL,3,2,3,2,10,Yes
10531,ACTIVE,Domestic,5,3,ACTUAL,3,0,2,1,11,No
10532,ACTIVE,Domestic,2,5,ACTUAL,1,0,2,0,23,No
10533,ACTIVE,Domestic,5,0,ESTIMATE,1,0,1,1,24,No
10534,ACTIVE,Domestic,7,4,ESTIMATE,1,1,1,2,7,No
10535,ACTIVE,Domestic,6,4,ACTUAL,2,3,0,1,24,No
10536,ACTIVE,Domestic,10,5,ACTUAL,0,0,3,2,9,No
10537,ACTIVE,Domestic,3,1,ACTUAL,1,2,1,1,4,Yes
10538,ACTIVE,Domestic,3,0,ACTUAL,1,2,0,0,13,Yes
10539,ACTIVE,Domestic,3,5,ACTUAL,2,3,1,2,22,No
10540,ACTIVE,Domestic,9,0,ESTIMATE,1,1,3,0,10,Yes
10541,ACTIVE,Domestic,7,3,ESTIMATE,2,3,1,0,19,Yes
10542,ACTIVE,Domestic,6,2,ACTUAL,3,2,5,2,20,Yes
10543,ACTIVE,Domestic,8,5,ACTUAL,3,2,5,1,11,Yes
10544,ACTIVE,Domestic,9,5,ESTIMATE,2,2,0,0,23,No
10545,ACTIVE,Domestic,3,1,ACTUAL,1,2,5,0,22,No
10546,ACTIVE,Domestic,0,3,ACTUAL,2,2,5,1,14,No
10547,ACTIVE,Domestic,0,1,ACTUAL,3,0,1,0,2,No
10548,ACTIVE,Domestic,9,5,ACTUAL,0,2,4,0,17,No
10549,ACTIVE,Domestic,0,3,ESTIMATE,0,3,5,1,5,No
10550,ACTIVE,Domestic,0,0,ESTIMATE,1,3,4,1,6,No
10551,ACTIVE,Domestic,9,0,ESTIMATE,1,1,0,1,16,No
10552,ACTIVE,Domestic,3,0,ACTUAL,0,2,5,1,8,No
10553,ACTIVE,Domestic,7,1,ACTUAL,1,0,5,0,8,No
10554,ACTIVE,Domestic,2,0,ACTUAL,0,0,5,1,15,No
10555,ACTIVE,Domestic,9,4,ACTUAL,1,1,0,0,14,No
10556,ACTIVE,Domestic,2,2,ACTUAL,2,2,2,0,23,No
10557,ACTIVE,Domestic,4,0,ACTUAL,1,0,2,1,17,Yes
10558,ACTIVE,Domestic,10,1,ESTIMATE,3,1,3,0,4,Yes
10559,ACTIVE,Domestic,5,0,ACTUAL,3,0,4,1,1,No
10560,ACTIVE,Domestic,4,1,ACTUAL,2,3,5,1,16,Yes
10561,ACTIVE,Domestic,3,3,ACTUAL,2,0,3,0,16,Yes
10562,ACTIVE,Domestic,1,4,ACTUAL,1,3,4,0,13,Yes
10563,ACTIVE,Domestic,2,1,ESTIMATE,3,2,1,2,12,No
10564,ACTIVE,Domestic,2,0,ACTUAL,1,3,1,2,15,No
10565,ACTIVE,Domestic,5,1,ACTUAL,0,0,2,1,15,No
10566,ACTIVE,Domestic,6,0,ACTUAL,0,3,3,1,13,No
10567,ACTIVE,Domestic,9,3,ESTIMATE,2,1,4,0,19,No
10568,ACTIVE,Domestic,7,0,ACTUAL,0,3,3,1,18,Yes
10569,ACTIVE,Domestic,7,2,ACTUAL,3,0,4,2,11,Yes
10570,ACTIVE,Domestic,8,2,ACTUAL,0,0,0,2,6,No
10571,ACTIVE,Domestic,9,2,ACTUAL,1,2,4,2,23,No
10572,ACTIVE,Domestic,1,4,ESTIMATE,0,0,2,2,11,No
10573,ACTIVE,Domestic,1,0,ESTIMATE,2,0,2,2,21,No
10574,ACTIVE,Domestic,2,5,ESTIMATE,0,1,5,2,17,No
10575,ACTIVE,Domestic,5,1,ACTUAL,3,2,4,2,19,Yes
10576,ACTIVE,Domestic,6,4,ACTUAL,0,2,4,2,14,Yes
10577,ACTIVE,Domestic,9,0,ACTUAL,2,2,0,1,20,No
10578,ACTIVE,Domestic,3,3,ACTUAL,2,3,0,0,23,No
10579,ACTIVE,Domestic,6,1,ESTIMATE,3,2,0,2,10,No
10580,ACTIVE,Domestic,5,2,ESTIMATE,1,2,0,1,13,No
10581,ACTIVE,Domestic,10,3,ESTIMATE,3,2,4,1,2,No
10582,ACTIVE,Domestic,10,1,ESTIMATE,0,0,2,2,10,No
10583,ACTIVE,Domestic,1,1,ACTUAL,2,3,0,2,14,No
10584,ACTIVE,Domestic,8,0,ACTUAL,2,3,3,1,21,No
10585,ACTIVE,Domestic,3,1,ESTIMATE,3,3,3,1,7,No
10586,ACTIVE,Domestic,6,1,ESTIMATE,0,2,5,1,7,Yes
10587,ACTIVE,Domestic,10,3,ACTUAL,3,0,5,1,17,No
10588,ACTIVE,Domestic,4,5,ACTUAL,3,1,5,0,7,Yes
10589,ACTIVE,Domestic,8,5,ESTIMATE,2,0,2,2,11,Yes
10590,ACTIVE,Domestic,0,5,ESTIMATE,2,1,3,2,12,No
10591,ACTIVE,Domestic,8,0,ESTIMATE,2,0,2,1,7,No
10592,ACTIVE,Domestic,10,0,ACTUAL,2,1,4,1,16,No
10593,ACTIVE,Domestic,8,4,ACTUAL,2,1,0,1,16,No
10594,ACTIVE,Domestic,0,0,ACTUAL,0,2,3,1,22,No
10595,ACTIVE,Domestic,0,2,ACTUAL,1,1,2,1,17,No
10596,ACTIVE,Domestic,7,4,ACTUAL,1,3,2,0,14,Yes
10597,ACTIVE,Domestic,8,4,ACTUAL,2,0,0,1,23,No
10598,ACTIVE,Domestic,4,2,ACTUAL,3,0,5,2,1,Yes
10599,DISCONNECTED,Domestic,1,2,ESTIMATE,1,0,4,1,9,No
10600,DISCONNECTED,Domestic,6,4,ESTIMATE,0,3,4,2,16,No
10601,DISCONNECTED,Domestic,4,4,ESTIMATE,3,0,4,1,1,No
10602,ACTIVE,Domestic,9,3,ACTUAL,0,0,0,1,12,No
10603,ACTIVE,Domestic,3,0,ACTUAL,0,3,3,1,2,No
10604,ACTIVE,Domestic,6,1,ACTUAL,0,1,3,0,16,No
10605,ACTIVE,Domestic,8,3,ESTIMATE,0,2,4,0,22,No
10606,DISCONNECTED,Domestic,4,5,ESTIMATE,3,1,4,0,7,No
10607,ACTIVE,Domestic,0,2,ACTUAL,2,2,0,0,12,Yes
10608,ACTIVE,Domestic,10,3,ACTUAL,2,3,5,0,10,No
10609,ACTIVE,Domestic,5,1,ACTUAL,3,1,4,0,16,No
10610,ACTIVE,Domestic,10,2,ACTUAL,0,3,2,0,24,No
10611,ACTIVE,Domestic,10,4,ESTIMATE,3,1,3,0,14,No
10612,ACTIVE,Domestic,7,3,ESTIMATE,0,3,0,1,14,No
10613,ACTIVE,Domestic,10,5,ACTUAL,0,3,4,0,5,Yes
10614,ACTIVE,Domestic,0,2,ACTUAL,2,2,4,0,1,Yes
10615,ACTIVE,Domestic,10,2,ACTUAL,3,2,3,1,9,Yes
10616,ACTIVE,Domestic,7,0,ESTIMATE,1,2,4,2,24,Yes
10617,ACTIVE,Domestic,2,1,ESTIMATE,3,2,1,1,22,Yes
10618,ACTIVE,Domestic,6,5,ESTIMATE,3,2,2,0,17,Yes
10619,ACTIVE,Domestic,8,4,ACTUAL,0,3,3,2,13,No
10620,ACTIVE,Domestic,1,1,ACTUAL,0,3,4,0,15,Yes
10621,ACTIVE,Domestic,10,5,ACTUAL,1,3,2,1,12,Yes
10622,ACTIVE,Domestic,3,2,ESTIMATE,0,1,1,0,20,No
10623,ACTIVE,Domestic,9,2,ESTIMATE,2,1,1,0,13,Yes
10624,ACTIVE,Domestic,8,3,ACTUAL,1,1,0,0,10,Yes
10625,ACTIVE,Domestic,2,3,ACTUAL,2,0,3,1,12,Yes
10626,ACTIVE,Domestic,5,2,ESTIMATE,2,2,2,2,5,Yes
10627,ACTIVE,Domestic,10,3,ESTIMATE,2,2,3,0,21,Yes
10628,ACTIVE,Domestic,6,4,ACTUAL,1,1,5,0,23,Yes
10629,ACTIVE,Domestic,0,3,ACTUAL,0,1,2,2,13,No
10630,ACTIVE,Domestic,6,5,ACTUAL,3,2,0,2,22,Yes
10631,ACTIVE,Domestic,10,1,ACTUAL,1,3,5,0,9,Yes
10632,ACTIVE,Domestic,3,4,ACTUAL,2,3,4,1,23,Yes
10633,ACTIVE,Domestic,5,1,ACTUAL,1,2,4,1,9,No
10634,ACTIVE,Domestic,1,4,ACTUAL,1,1,4,1,14,Yes
10635,ACTIVE,Domestic,8,3,ACTUAL,2,1,0,2,1,Yes
10636,ACTIVE,Domestic,8,1,ACTUAL,2,1,0,1,5,Yes
10637,ACTIVE,Domestic,6,1,ESTIMATE,0,0,3,1,8,Yes
10638,ACTIVE,Domestic,7,2,ESTIMATE,2,1,3,0,18,Yes
10639,ACTIVE,Domestic,10,2,ESTIMATE,1,3,1,2,7,Yes
10640,ACTIVE,Domestic,8,1,ACTUAL,3,2,2,2,22,Yes
10641,ACTIVE,Domestic,0,4,ACTUAL,0,0,1,0,19,Yes
10642,ACTIVE,Domestic,5,0,ACTUAL,2,0,4,0,22,No
10643,ACTIVE,Domestic,7,5,ACTUAL,1,0,0,2,3,No
10644,ACTIVE,Domestic,8,1,ACTUAL,2,3,2,2,15,No
10645,ACTIVE,Domestic,0,1,ACTUAL,1,1,2,1,1,No
10646,ACTIVE,Domestic,6,1,ACTUAL,3,1,4,2,18,No
10647,ACTIVE,Domestic,7,3,ACTUAL,1,3,3,2,5,No
10648,ACTIVE,Domestic,1,2,ACTUAL,0,1,1,2,20,No
10649,ACTIVE,Domestic,0,0,ESTIMATE,0,2,1,1,15,Yes
10650,ACTIVE,Domestic,0,2,ESTIMATE,0,1,3,2,16,Yes
10651,ACTIVE,Domestic,7,5,ESTIMATE,1,2,5,2,13,No
10652,ACTIVE,Domestic,5,3,ESTIMATE,2,1,0,0,8,No
10653,ACTIVE,Domestic,7,1,ACTUAL,3,3,5,2,21,No
10654,ACTIVE,Domestic,10,4,ACTUAL,1,0,5,1,5,No
10655,ACTIVE,Domestic,3,3,ACTUAL,1,3,1,1,7,No
10656,ACTIVE,Domestic,8,0,ACTUAL,3,2,2,0,4,Yes
10657,ACTIVE,Domestic,0,0,ESTIMATE,1,2,2,1,13,Yes
10658,ACTIVE,Domestic,10,0,ESTIMATE,2,0,3,0,15,Yes
10659,ACTIVE,Domestic,7,0,ESTIMATE,2,2,0,0,7,Yes
10660,ACTIVE,Domestic,0,4,ACTUAL,2,0,1,2,10,Yes
10661,ACTIVE,Domestic,4,5,ACTUAL,2,1,5,1,17,Yes
10662,ACTIVE,Domestic,9,5,ACTUAL,1,0,3,1,19,Yes
10663,ACTIVE,Domestic,5,1,ACTUAL,2,2,5,0,10,Yes
10664,ACTIVE,Domestic,4,1,ACTUAL,3,1,2,2,16,Yes
10665,ACTIVE,Domestic,0,1,ESTIMATE,2,0,3,0,8,Yes
10666,ACTIVE,Domestic,1,2,ESTIMATE,2,1,1,2,4,Yes
10667,ACTIVE,Domestic,8,5,ESTIMATE,3,3,1,0,21,Yes
10668,ACTIVE,Domestic,0,3,ACTUAL,0,1,3,0,4,Yes
10669,ACTIVE,Domestic,1,5,ACTUAL,1,3,0,0,17,No
10670,ACTIVE,Domestic,2,1,ACTUAL,2,2,4,1,1,No
10671,ACTIVE,Domestic,4,3,ACTUAL,0,2,3,2,11,No
10672,ACTIVE,Domestic,9,2,ACTUAL,3,0,4,1,5,No
10673,ACTIVE,Domestic,1,3,ACTUAL,3,3,5,1,8,Yes
10674,ACTIVE,Domestic,9,3,ESTIMATE,1,3,3,2,5,Yes
10675,ACTIVE,Domestic,9,0,ESTIMATE,0,1,5,0,23,Yes
10676,ACTIVE,Domestic,9,1,ESTIMATE,3,2,2,2,16,No
10677,ACTIVE,Domestic,6,5,ACTUAL,0,1,1,2,15,No
10678,ACTIVE,Domestic,0,0,ACTUAL,2,2,3,0,24,No
10679,ACTIVE,Domestic,10,0,ACTUAL,1,0,5,2,17,Yes
10680,ACTIVE,Domestic,6,5,ACTUAL,1,3,4,0,9,Yes
10681,ACTIVE,Domestic,8,3,ESTIMATE,0,2,5,1,20,No
10682,ACTIVE,Domestic,6,3,ESTIMATE,0,0,3,1,13,Yes
10683,ACTIVE,Domestic,4,5,ESTIMATE,1,1,5,1,9,Yes
10684,ACTIVE,Domestic,6,5,ACTUAL,0,0,2,0,17,Yes
10685,ACTIVE,Domestic,7,5,ACTUAL,1,0,0,1,24,Yes
10686,ACTIVE,Domestic,5,1,ACTUAL,2,3,4,1,1,No
10687,ACTIVE,Domestic,1,3,ACTUAL,2,0,3,0,18,No
10688,ACTIVE,Domestic,5,1,ACTUAL,3,3,5,2,12,No
10689,ACTIVE,Domestic,7,0,ACTUAL,2,1,1,1,4,Yes
10690,ACTIVE,Domestic,8,2,ACTUAL,2,1,4,0,8,Yes
10691,ACTIVE,Domestic,10,5,ACTUAL,2,3,1,0,7,Yes
10692,ACTIVE,Domestic,6,3,ACTUAL,0,2,0,1,23,Yes
10693,ACTIVE,Domestic,8,0,ACTUAL,1,0,5,0,2,Yes
10694,ACTIVE,Domestic,7,4,ESTIMATE,1,1,4,0,15,Yes
10695,ACTIVE,Domestic,9,1,ESTIMATE,2,0,0,1,11,Yes
10696,ACTIVE,Domestic,1,4,ACTUAL,3,0,1,2,22,Yes
10697,ACTIVE,Domestic,2,5,ACTUAL,3,0,1,0,23,Yes
10698,ACTIVE,Domestic,1,2,ACTUAL,1,2,3,0,11,Yes
10699,ACTIVE,Domestic,10,1,ESTIMATE,2,2,4,0,17,No
10700,ACTIVE,Domestic,4,2,ESTIMATE,0,0,2,2,24,Yes
10701,ACTIVE,Domestic,10,4,ESTIMATE,3,2,3,2,24,Yes
10702,ACTIVE,Domestic,0,3,ESTIMATE,3,1,4,0,3,Yes
10703,ACTIVE,Domestic,10,2,ACTUAL,0,2,4,0,12,Yes
10704,ACTIVE,Domestic,10,5,ACTUAL,2,2,5,1,5,No
10705,ACTIVE,Domestic,5,0,ACTUAL,1,0,5,2,19,No
10706,ACTIVE,Domestic,8,2,ACTUAL,2,1,4,0,5,No
10707,ACTIVE,Domestic,5,4,ACTUAL,3,0,0,1,11,No
10708,ACTIVE,Domestic,1,2,ACTUAL,2,1,0,1,10,No
10709,ACTIVE,Domestic,9,3,ACTUAL,1,3,1,1,10,No
10710,ACTIVE,Domestic,8,4,ACTUAL,3,3,1,2,5,Yes
10711,ACTIVE,Domestic,1,3,ACTUAL,2,2,4,0,23,Yes
10712,ACTIVE,Domestic,9,3,ESTIMATE,3,3,3,0,2,No
10713,ACTIVE,Domestic,3,4,ESTIMATE,2,3,2,2,17,No
10714,ACTIVE,Domestic,1,0,ESTIMATE,3,3,2,1,1,No
10715,ACTIVE,Domestic,10,0,ACTUAL,3,0,4,0,18,No
10716,ACTIVE,Domestic,2,4,ACTUAL,2,1,0,2,4,No
10717,ACTIVE,Domestic,4,0,ACTUAL,0,0,0,1,10,Yes
10718,ACTIVE,Domestic,1,3,ESTIMATE,1,0,3,1,22,No
10719,ACTIVE,Domestic,0,1,ESTIMATE,2,3,5,2,8,Yes
10720,ACTIVE,Domestic,7,2,ESTIMATE,2,3,3,0,5,No
10721,ACTIVE,Domestic,7,1,ESTIMATE,2,3,1,0,7,Yes
10722,ACTIVE,Domestic,6,2,ESTIMATE,0,2,2,2,1,No
10723,ACTIVE,Domestic,3,0,ESTIMATE,1,0,2,1,1,No
10724,ACTIVE,Domestic,10,2,ACTUAL,2,3,1,2,12,No
10725,ACTIVE,Domestic,4,0,ACTUAL,2,0,4,1,10,No
10726,ACTIVE,Domestic,2,0,ACTUAL,1,1,0,1,4,Yes
10727,ACTIVE,Domestic,7,0,ACTUAL,3,0,0,1,16,Yes
10728,ACTIVE,Domestic,2,3,ESTIMATE,1,0,1,1,11,No
10729,ACTIVE,Domestic,6,4,ESTIMATE,3,2,1,2,20,Yes
10730,ACTIVE,Domestic,2,2,ACTUAL,3,2,1,2,5,Yes
10731,ACTIVE,Domestic,2,1,ACTUAL,3,1,5,2,9,No
10732,ACTIVE,Domestic,0,1,ACTUAL,1,0,1,0,10,Yes
10733,ACTIVE,Domestic,10,1,ACTUAL,3,1,5,1,17,Yes
10734,ACTIVE,Domestic,4,0,ACTUAL,3,0,1,1,5,Yes
10735,ACTIVE,Domestic,2,2,ACTUAL,1,2,4,1,14,No
10736,ACTIVE,Domestic,8,3,ACTUAL,3,0,1,1,4,Yes
10737,ACTIVE,Domestic,6,4,ACTUAL,2,0,0,0,8,Yes
10738,DISCONNECTED,Domestic,10,4,ESTIMATE,3,3,5,2,18,Yes
10739,DISCONNECTED,Domestic,4,2,ESTIMATE,0,2,0,1,15,Yes
10740,DISCONNECTED,Domestic,5,3,ESTIMATE,0,2,2,0,13,No
10741,ACTIVE,Domestic,0,3,ACTUAL,0,0,2,0,6,Yes
10742,ACTIVE,Domestic,0,1,ACTUAL,3,0,1,2,22,No
10743,ACTIVE,Domestic,1,1,ACTUAL,2,3,2,1,23,Yes
10744,ACTIVE,Domestic,3,2,ACTUAL,0,1,2,0,3,Yes
10745,ACTIVE,Domestic,9,2,ACTUAL,2,0,4,2,12,Yes
10746,DISCONNECTED,Domestic,9,3,ESTIMATE,0,1,4,0,15,No
10747,ACTIVE,Domestic,7,2,ACTUAL,3,1,5,1,21,Yes
10748,ACTIVE,Domestic,5,3,ACTUAL,2,2,0,0,6,Yes
10749,ACTIVE,Domestic,4,1,ACTUAL,0,3,0,0,19,Yes
10750,ACTIVE,Domestic,0,2,ACTUAL,3,3,3,1,4,No
10751,ACTIVE,Domestic,4,5,ACTUAL,2,2,1,2,21,No
10752,ACTIVE,Domestic,1,1,ACTUAL,1,3,3,0,13,No
10753,ACTIVE,Domestic,0,4,ACTUAL,3,1,2,1,3,Yes
10754,ACTIVE,Domestic,3,0,ACTUAL,2,1,1,1,21,Yes
10755,ACTIVE,Domestic,10,4,ACTUAL,3,0,0,2,21,Yes
10756,ACTIVE,Domestic,6,1,ACTUAL,1,3,1,0,5,Yes
10757,ACTIVE,Domestic,9,0,ACTUAL,3,1,5,1,4,No
10758,ACTIVE,Domestic,7,4,ACTUAL,0,2,5,2,13,No
10759,ACTIVE,Domestic,10,3,ACTUAL,0,3,3,1,19,No
10760,ACTIVE,Domestic,3,4,ACTUAL,1,3,4,0,3,No
10761,ACTIVE,Domestic,9,1,ESTIMATE,1,3,4,0,21,Yes
10762,ACTIVE,Domestic,8,1,ACTUAL,1,3,3,2,18,Yes
10763,ACTIVE,Domestic,1,5,ACTUAL,3,0,0,1,16,Yes
10764,ACTIVE,Domestic,0,1,ACTUAL,1,2,3,2,12,No
10765,ACTIVE,Domestic,6,4,ACTUAL,0,2,1,1,2,Yes
10766,ACTIVE,Domestic,8,4,ACTUAL,0,3,0,2,17,Yes
10767,ACTIVE,Domestic,5,0,ACTUAL,2,1,0,1,11,No
10768,ACTIVE,Domestic,2,4,ACTUAL,3,2,4,1,17,Yes
10769,ACTIVE,Domestic,4,3,ACTUAL,3,1,0,1,8,No
10770,ACTIVE,Domestic,9,4,ACTUAL,2,2,3,0,16,No
10771,ACTIVE,Domestic,3,0,ACTUAL,1,1,3,0,13,No
10772,ACTIVE,Domestic,10,2,ESTIMATE,0,2,3,0,15,Yes
10773,DISCONNECTED,Domestic,8,1,ESTIMATE,1,2,5,1,10,Yes
10774,DISCONNECTED,Domestic,8,0,ESTIMATE,1,0,4,2,19,No
10775,DISCONNECTED,Domestic,9,0,ESTIMATE,0,2,1,2,9,No
10776,DISCONNECTED,Domestic,0,2,ESTIMATE,3,1,5,1,9,No
10777,ACTIVE,Domestic,0,0,ACTUAL,0,2,4,0,23,No
10778,ACTIVE,Domestic,1,1,ACTUAL,2,3,1,1,18,Yes
10779,ACTIVE,Domestic,6,4,ACTUAL,1,1,5,0,14,Yes
10780,ACTIVE,Domestic,4,5,ACTUAL,0,1,0,2,11,No
10781,ACTIVE,Domestic,8,5,ACTUAL,0,3,1,1,12,Yes
10782,ACTIVE,Domestic,8,4,ACTUAL,1,2,2,0,21,Yes
10783,ACTIVE,Domestic,6,5,ACTUAL,3,1,2,0,2,Yes
10784,ACTIVE,Domestic,5,3,ACTUAL,1,1,2,2,9,Yes
10785,ACTIVE,Domestic,1,0,ACTUAL,1,2,3,0,5,No
10786,ACTIVE,Domestic,3,2,ACTUAL,0,3,1,2,9,No
10787,ACTIVE,Domestic,5,4,ACTUAL,0,2,4,2,3,No
10788,ACTIVE,Domestic,10,5,ACTUAL,3,1,5,2,8,No
10789,ACTIVE,Domestic,8,4,ESTIMATE,1,3,5,0,1,No
10790,ACTIVE,Domestic,8,3,ACTUAL,2,0,2,2,3,Yes
10791,ACTIVE,Domestic,8,2,ACTUAL,3,2,3,0,15,Yes
10792,ACTIVE,Domestic,2,2,ACTUAL,3,3,4,0,9,Yes
10793,ACTIVE,Domestic,6,0,ACTUAL,2,0,4,0,10,Yes
10794,ACTIVE,Domestic,0,2,ACTUAL,0,3,1,0,3,No
10795,ACTIVE,Domestic,3,4,ACTUAL,1,3,3,2,3,No
10796,ACTIVE,Domestic,10,2,ACTUAL,0,1,5,2,21,No
10797,ACTIVE,Domestic,9,2,ESTIMATE,1,0,1,0,24,No
10798,ACTIVE,Domestic,0,0,ACTUAL,2,2,3,0,24,Yes
10799,ACTIVE,Domestic,2,2,ACTUAL,3,2,0,2,6,Yes
10800,ACTIVE,Domestic,3,2,ACTUAL,2,3,0,0,7,No
10801,ACTIVE,Domestic,2,1,ACTUAL,2,1,3,1,2,Yes
10802,ACTIVE,Domestic,2,2,ACTUAL,0,0,1,2,22,Yes
10803,DISCONNECTED,Domestic,7,2,ESTIMATE,2,3,1,1,9,Yes
10804,ACTIVE,Domestic,2,4,ACTUAL,0,3,2,2,12,No
10805,ACTIVE,Domestic,10,1,ACTUAL,1,3,5,1,17,No
10806,ACTIVE,Domestic,6,4,ACTUAL,3,2,0,2,10,No
10807,ACTIVE,Domestic,6,3,ACTUAL,3,3,5,0,19,No
10808,ACTIVE,Domestic,0,0,ACTUAL,2,2,0,2,23,No
10809,ACTIVE,Domestic,6,2,ACTUAL,3,0,1,2,2,No
10810,DISCONNECTED,Domestic,7,4,ACTUAL,1,1,5,0,13,No
10811,ACTIVE,Domestic,0,5,ESTIMATE,2,2,0,0,17,Yes
10812,ACTIVE,Domestic,0,2,ESTIMATE,1,2,1,1,8,Yes
10813,ACTIVE,Domestic,10,4,ACTUAL,0,0,0,0,10,Yes
10814,ACTIVE,Domestic,6,0,ACTUAL,3,2,2,2,13,Yes
10815,ACTIVE,Domestic,10,0,ACTUAL,2,1,5,0,16,Yes
10816,ACTIVE,Domestic,3,4,ACTUAL,0,1,5,0,4,Yes
10817,ACTIVE,Domestic,5,4,ACTUAL,3,3,5,1,22,No
10818,ACTIVE,Domestic,10,1,ESTIMATE,3,2,5,2,5,No
10819,ACTIVE,Domestic,10,5,ESTIMATE,0,0,4,1,4,No
10820,ACTIVE,Domestic,7,1,ACTUAL,2,3,2,1,16,No
10821,ACTIVE,Domestic,10,5,ACTUAL,2,3,5,0,1,No
10822,ACTIVE,Domestic,1,3,ACTUAL,2,2,0,0,11,No
10823,ACTIVE,Domestic,8,3,ACTUAL,0,3,1,2,17,No
10824,ACTIVE,Domestic,10,2,ACTUAL,0,2,0,0,2,Yes
10825,ACTIVE,Domestic,1,0,ESTIMATE,3,1,4,1,23,Yes
10826,ACTIVE,Domestic,2,4,ESTIMATE,2,2,2,1,23,No
10827,ACTIVE,Domestic,1,2,ACTUAL,2,2,3,2,23,Yes
10828,ACTIVE,Domestic,9,0,ACTUAL,2,1,4,0,2,Yes
10829,ACTIVE,Domestic,0,0,ACTUAL,1,0,4,1,20,Yes
10830,ACTIVE,Domestic,1,4,ACTUAL,0,1,2,1,16,No
10831,ACTIVE,Domestic,9,2,ACTUAL,2,2,2,1,3,Yes
10832,ACTIVE,Domestic,8,4,ACTUAL,2,1,5,2,5,No
10833,ACTIVE,Domestic,5,3,ESTIMATE,2,3,3,1,19,Yes
10834,ACTIVE,Domestic,7,1,ESTIMATE,0,1,0,0,21,Yes
10835,ACTIVE,Domestic,6,2,ACTUAL,1,3,1,1,24,No
10836,ACTIVE,Domestic,5,0,ACTUAL,0,0,4,2,6,Yes
10837,ACTIVE,Domestic,8,4,ACTUAL,0,3,3,1,12,Yes
10838,ACTIVE,Domestic,6,3,ACTUAL,2,3,4,2,17,Yes
10839,ACTIVE,Domestic,3,2,ACTUAL,2,0,4,0,22,No
10840,ACTIVE,Domestic,7,5,ACTUAL,0,0,4,1,23,No
10841,ACTIVE,Domestic,7,4,ACTUAL,3,0,4,1,15,No
10842,ACTIVE,Domestic,8,0,ACTUAL,2,0,4,0,13,No
10843,ACTIVE,Domestic,1,3,ESTIMATE,1,2,1,1,20,No
10844,ACTIVE,Domestic,1,4,ESTIMATE,0,1,4,2,24,No
10845,ACTIVE,Domestic,5,4,ACTUAL,1,1,4,1,2,No
10846,ACTIVE,Domestic,7,3,ACTUAL,1,2,1,2,11,No
10847,ACTIVE,Domestic,3,2,ACTUAL,3,3,4,0,9,No
10848,ACTIVE,Domestic,5,3,ACTUAL,3,0,3,1,10,No
10849,ACTIVE,Domestic,8,0,ACTUAL,2,1,3,0,21,Yes
10850,ACTIVE,Domestic,2,0,ACTUAL,3,2,0,2,6,Yes
10851,ACTIVE,Domestic,8,5,ESTIMATE,0,3,1,0,2,Yes
10852,ACTIVE,Domestic,7,1,ESTIMATE,2,3,4,2,18,Yes
10853,ACTIVE,Domestic,6,1,ACTUAL,2,3,4,2,20,Yes
10854,ACTIVE,Domestic,5,1,ACTUAL,0,3,3,1,22,No
10855,ACTIVE,Domestic,6,3,ACTUAL,3,3,3,0,13,No
10856,ACTIVE,Domestic,4,0,ACTUAL,2,0,2,1,12,No
10857,ACTIVE,Domestic,4,3,ACTUAL,2,3,0,2,17,No
10858,ACTIVE,Domestic,0,1,ESTIMATE,1,3,4,0,12,No
10859,ACTIVE,Domestic,10,1,ESTIMATE,1,2,2,2,3,No
10860,ACTIVE,Domestic,9,5,ESTIMATE,3,3,4,2,2,Yes
10861,ACTIVE,Domestic,0,0,ACTUAL,0,2,5,2,13,No
10862,ACTIVE,Domestic,1,1,ACTUAL,1,1,1,0,2,No
10863,ACTIVE,Domestic,9,5,ACTUAL,1,2,3,2,4,No
10864,ACTIVE,Domestic,3,5,ACTUAL,1,3,2,0,20,No
10865,ACTIVE,Domestic,5,3,ACTUAL,0,2,1,2,11,Yes
10866,ACTIVE,Domestic,4,4,ACTUAL,2,2,2,2,13,Yes
10867,ACTIVE,Domestic,6,1,ACTUAL,3,2,5,0,14,No
10868,ACTIVE,Domestic,0,1,ESTIMATE,2,0,3,2,13,No
10869,ACTIVE,Domestic,3,1,ESTIMATE,3,0,5,1,2,No
10870,ACTIVE,Domestic,10,1,ACTUAL,2,3,4,1,11,No
10871,ACTIVE,Domestic,10,4,ACTUAL,1,2,0,2,4,No
10872,ACTIVE,Domestic,1,3,ACTUAL,0,0,0,2,23,Yes
10873,ACTIVE,Domestic,10,2,ACTUAL,2,1,0,1,11,Yes
10874,ACTIVE,Domestic,2,4,ACTUAL,3,2,4,1,10,Yes
10875,ACTIVE,Domestic,5,0,ACTUAL,2,0,2,2,7,Yes
10876,ACTIVE,Domestic,4,1,ESTIMATE,0,3,2,1,2,No
10877,ACTIVE,Domestic,7,4,ESTIMATE,3,3,3,1,14,No
10878,ACTIVE,Domestic,2,1,ESTIMATE,2,2,4,1,12,No
10879,ACTIVE,Domestic,5,5,ACTUAL,1,1,1,1,3,No
10880,ACTIVE,Domestic,4,1,ACTUAL,2,3,1,2,15,No
10881,ACTIVE,Domestic,2,3,ACTUAL,2,1,2,1,18,No
10882,ACTIVE,Domestic,7,1,ACTUAL,1,2,2,1,17,No
10883,ACTIVE,Domestic,6,5,ACTUAL,0,1,2,2,20,No
10884,ACTIVE,Domestic,0,0,ACTUAL,0,0,5,0,15,Yes
10885,ACTIVE,Domestic,1,2,ACTUAL,3,3,4,2,4,Yes
10886,ACTIVE,Domestic,9,3,ESTIMATE,3,1,3,1,19,No
10887,ACTIVE,Domestic,9,1,ESTIMATE,1,1,1,0,14,No
10888,ACTIVE,Domestic,3,3,ACTUAL,3,2,2,0,2,Yes
10889,ACTIVE,Domestic,4,0,ACTUAL,2,1,5,0,8,No
10890,ACTIVE,Domestic,3,3,ACTUAL,1,2,0,1,1,Yes
10891,ACTIVE,Domestic,5,4,ACTUAL,0,3,4,1,23,No
10892,ACTIVE,Domestic,1,2,ACTUAL,0,1,3,1,8,Yes
10893,ACTIVE,Domestic,1,4,ACTUAL,3,0,3,1,7,No
10894,ACTIVE,Domestic,1,5,ACTUAL,2,3,2,0,10,Yes
10895,ACTIVE,Domestic,2,3,ACTUAL,3,0,4,2,19,Yes
10896,ACTIVE,Domestic,0,1,ACTUAL,2,0,2,0,10,No
10897,ACTIVE,Domestic,0,3,ESTIMATE,2,0,2,2,21,No
10898,ACTIVE,Domestic,4,5,ESTIMATE,1,2,4,1,19,Yes
10899,ACTIVE,Domestic,6,2,ACTUAL,2,3,4,1,17,Yes
10900,ACTIVE,Domestic,9,5,ACTUAL,3,1,1,1,15,Yes
10901,ACTIVE,Domestic,10,2,ACTUAL,0,0,1,1,10,Yes
10902,ACTIVE,Domestic,4,4,ACTUAL,1,2,4,2,18,No
10903,ACTIVE,Domestic,9,2,ACTUAL,1,0,5,1,23,Yes
10904,ACTIVE,Domestic,10,3,ACTUAL,0,3,0,2,21,Yes
10905,ACTIVE,Domestic,2,3,ACTUAL,2,1,1,0,6,Yes
10906,ACTIVE,Domestic,9,1,ESTIMATE,0,3,4,0,16,No
10907,ACTIVE,Domestic,6,0,ESTIMATE,0,1,0,0,24,No
10908,ACTIVE,Domestic,3,1,ACTUAL,0,2,4,0,11,No
10909,ACTIVE,Domestic,0,1,ACTUAL,3,2,0,2,15,No
10910,ACTIVE,Domestic,3,4,ACTUAL,1,0,4,1,24,No
10911,ACTIVE,Domestic,7,2,ESTIMATE,0,3,5,0,8,No
10912,ACTIVE,Domestic,6,4,ESTIMATE,3,2,4,2,23,No
10913,ACTIVE,Domestic,6,1,ACTUAL,2,3,1,2,2,No
10914,ACTIVE,Domestic,2,2,ACTUAL,3,1,1,1,22,Yes
10915,ACTIVE,Domestic,8,0,ACTUAL,3,2,1,2,7,Yes
10916,ACTIVE,Domestic,0,4,ACTUAL,2,0,1,2,14,Yes
10917,ACTIVE,Domestic,8,2,ACTUAL,2,1,3,2,16,Yes
10918,ACTIVE,Domestic,3,3,ESTIMATE,1,1,5,2,11,Yes
10919,ACTIVE,Domestic,1,5,ESTIMATE,2,3,2,2,23,Yes
10920,ACTIVE,Domestic,0,2,ACTUAL,3,3,3,0,13,No
10921,ACTIVE,Domestic,3,5,ACTUAL,2,2,2,2,2,No
10922,ACTIVE,Domestic,3,1,ACTUAL,0,1,5,2,4,No
10923,ACTIVE,Domestic,8,4,ACTUAL,3,0,4,1,11,No
10924,ACTIVE,Domestic,5,3,ACTUAL,2,0,1,2,19,No
10925,ACTIVE,Commercial,0,0,ACTUAL,2,1,3,2,9,No
10926,ACTIVE,Commercial,10,1,ESTIMATE,3,2,4,2,13,No
10927,ACTIVE,Commercial,2,0,ESTIMATE,0,1,5,1,4,Yes
10928,ACTIVE,Domestic,5,1,ACTUAL,3,1,4,0,18,Yes
10929,ACTIVE,Commercial,0,5,ACTUAL,3,3,3,2,2,Yes
10930,ACTIVE,Commercial,6,1,ACTUAL,2,3,4,0,18,Yes
10931,ACTIVE,Commercial,4,3,ACTUAL,3,0,0,2,1,Yes
10932,ACTIVE,Domestic,4,0,ESTIMATE,2,3,5,2,10,Yes
10933,ACTIVE,Domestic,6,1,ESTIMATE,2,0,2,0,4,No
10934,ACTIVE,Domestic,3,5,ACTUAL,2,2,0,0,20,No
10935,ACTIVE,Domestic,0,0,ACTUAL,2,2,5,0,22,No
10936,ACTIVE,Domestic,4,1,ACTUAL,2,1,0,1,22,No
10937,ACTIVE,Domestic,9,2,ACTUAL,0,2,5,0,20,No
10938,ACTIVE,Domestic,10,5,ACTUAL,1,2,4,2,22,Yes
10939,ACTIVE,Domestic,5,5,ESTIMATE,0,1,4,1,5,Yes
10940,ACTIVE,Domestic,9,4,ESTIMATE,3,2,4,1,10,Yes
10941,ACTIVE,Domestic,10,1,ACTUAL,3,0,4,0,12,Yes
10942,ACTIVE,Domestic,5,5,ACTUAL,2,2,0,1,7,No
10943,ACTIVE,Domestic,4,5,ACTUAL,0,2,2,0,15,Yes
10944,ACTIVE,Domestic,7,1,ACTUAL,0,2,4,2,14,No
10945,ACTIVE,Domestic,8,4,ACTUAL,3,1,3,2,15,Yes
10946,ACTIVE,Domestic,4,5,ACTUAL,0,0,5,1,20,Yes
10947,ACTIVE,Domestic,4,5,ACTUAL,3,3,3,2,7,Yes
10948,ACTIVE,Domestic,10,1,ACTUAL,3,1,0,2,6,Yes
10949,ACTIVE,Domestic,2,3,ESTIMATE,2,2,4,2,10,No
10950,ACTIVE,Domestic,2,2,ESTIMATE,3,3,2,0,13,No
10951,ACTIVE,Domestic,3,5,ACTUAL,2,1,1,1,3,No
10952,ACTIVE,Domestic,3,5,ACTUAL,2,1,0,2,18,No
10953,ACTIVE,Domestic,6,0,ACTUAL,1,3,5,1,3,No
10954,ACTIVE,Domestic,9,4,ACTUAL,1,2,0,0,9,No
10955,ACTIVE,Domestic,4,1,ACTUAL,3,1,3,0,24,No
10956,ACTIVE,Domestic,7,2,ACTUAL,0,1,5,0,6,No
10957,ACTIVE,Domestic,5,3,ESTIMATE,3,2,1,2,18,Yes
10958,ACTIVE,Domestic,1,0,ESTIMATE,0,0,0,1,16,No
10959,ACTIVE,Domestic,4,3,ACTUAL,3,1,0,1,24,Yes
10960,ACTIVE,Domestic,5,2,ACTUAL,3,1,4,2,12,No
10961,ACTIVE,Domestic,3,5,ACTUAL,0,3,3,2,15,Yes
10962,ACTIVE,Domestic,6,5,ACTUAL,1,3,0,2,2,Yes
10963,ACTIVE,Domestic,5,0,ACTUAL,0,2,2,0,18,Yes
10964,ACTIVE,Domestic,6,2,ACTUAL,2,0,4,0,24,Yes
10965,ACTIVE,Domestic,1,0,ACTUAL,0,0,5,1,21,Yes
10966,ACTIVE,Domestic,9,1,ACTUAL,3,1,2,2,4,Yes
10967,ACTIVE,Domestic,7,5,ESTIMATE,2,1,2,1,9,No
10968,ACTIVE,Domestic,6,3,ESTIMATE,2,0,5,1,22,No
10969,ACTIVE,Domestic,3,1,ESTIMATE,1,0,0,2,19,No
10970,ACTIVE,Domestic,1,3,ACTUAL,2,3,0,1,18,No
10971,ACTIVE,Domestic,10,2,ACTUAL,1,3,2,1,23,No
10972,ACTIVE,Domestic,9,2,ACTUAL,1,0,2,0,12,No
10973,ACTIVE,Domestic,1,4,ACTUAL,0,0,5,2,3,No
10974,ACTIVE,Domestic,4,3,ESTIMATE,0,3,3,2,14,Yes
10975,ACTIVE,Domestic,4,0,ESTIMATE,2,0,2,1,1,Yes
10976,ACTIVE,Domestic,4,0,ACTUAL,3,3,5,0,18,Yes
10977,ACTIVE,Domestic,1,1,ACTUAL,1,2,1,2,10,Yes
10978,ACTIVE,Domestic,9,2,ACTUAL,2,2,3,2,3,No
10979,ACTIVE,Domestic,4,3,ACTUAL,1,3,5,2,23,No
10980,ACTIVE,Domestic,3,2,ACTUAL,1,1,0,1,13,No
10981,ACTIVE,Domestic,8,1,ACTUAL,0,3,0,2,12,No
10982,ACTIVE,Domestic,1,0,ESTIMATE,0,2,0,2,8,No
10983,ACTIVE,Domestic,7,1,ESTIMATE,1,0,4,1,23,No
10984,ACTIVE,Domestic,4,3,ACTUAL,0,2,1,2,6,No
10985,ACTIVE,Domestic,3,3,ACTUAL,0,0,4,0,10,No
10986,ACTIVE,Domestic,5,3,ACTUAL,3,3,5,0,10,No
10987,ACTIVE,Domestic,0,0,ACTUAL,2,2,0,0,3,Yes
10988,ACTIVE,Domestic,4,5,ACTUAL,1,3,1,0,5,Yes
10989,ACTIVE,Domestic,4,2,ACTUAL,3,2,3,2,24,Yes
10990,ACTIVE,Domestic,3,0,ACTUAL,1,0,3,1,16,Yes
10991,ACTIVE,Domestic,6,3,ACTUAL,1,3,4,1,11,Yes
10992,ACTIVE,Domestic,9,0,ACTUAL,1,3,4,2,22,No
10993,ACTIVE,Domestic,2,0,ACTUAL,2,1,5,2,4,No
10994,ACTIVE,Domestic,7,2,ACTUAL,3,1,3,2,21,No
10995,ACTIVE,Domestic,8,4,ESTIMATE,2,3,3,1,6,No
10996,ACTIVE,Domestic,8,2,ESTIMATE,2,0,2,1,11,No
10997,ACTIVE,Domestic,7,3,ACTUAL,1,1,0,0,3,No
10998,ACTIVE,Domestic,10,4,ACTUAL,2,1,3,1,2,No
10999,ACTIVE,Domestic,7,0,ACTUAL,0,3,0,0,8,No
11000,ACTIVE,Domestic,1,2,ACTUAL,2,1,0,1,22,No
11001,ACTIVE,Domestic,9,5,ACTUAL,2,2,4,0,11,No
11002,ACTIVE,Domestic,9,0,ACTUAL,1,2,3,1,18,Yes
11003,ACTIVE,Domestic,9,5,ACTUAL,1,2,4,2,4,Yes
11004,ACTIVE,Domestic,7,3,ACTUAL,0,1,2,0,17,Yes
11005,ACTIVE,Domestic,10,2,ACTUAL,2,0,0,0,18,No
11006,ACTIVE,Domestic,4,0,ACTUAL,0,3,4,2,22,No
11007,ACTIVE,Domestic,5,3,ACTUAL,0,3,5,2,22,No
11008,ACTIVE,Domestic,0,5,ESTIMATE,2,2,2,2,11,No
11009,ACTIVE,Domestic,1,2,ESTIMATE,3,0,2,0,5,No
11010,ACTIVE,Domestic,1,5,ESTIMATE,1,3,1,0,8,No
11011,ACTIVE,Domestic,9,0,ACTUAL,0,2,5,1,1,No
11012,ACTIVE,Domestic,0,0,ACTUAL,1,3,0,2,15,No
11013,ACTIVE,Domestic,3,4,ACTUAL,1,0,4,2,8,No
11014,ACTIVE,Domestic,7,4,ACTUAL,2,2,1,1,2,Yes
11015,ACTIVE,Domestic,3,5,ACTUAL,1,1,1,0,6,Yes
11016,ACTIVE,Domestic,3,3,ACTUAL,0,2,1,1,9,Yes
11017,ACTIVE,Domestic,3,1,ACTUAL,3,3,2,1,6,Yes
11018,ACTIVE,Domestic,6,4,ACTUAL,3,0,2,1,18,Yes
11019,ACTIVE,Domestic,1,0,ACTUAL,2,3,1,1,15,No
11020,ACTIVE,Domestic,0,0,ACTUAL,0,2,1,1,12,No
11021,ACTIVE,Domestic,3,0,ACTUAL,1,2,4,2,15,No
11022,ACTIVE,Domestic,6,1,ACTUAL,0,3,3,1,22,No
11023,ACTIVE,Domestic,4,1,ACTUAL,1,0,0,2,3,No
11024,ACTIVE,Domestic,1,0,ACTUAL,2,2,1,0,20,No
11025,ACTIVE,Domestic,5,0,ACTUAL,0,0,2,0,5,No
11026,ACTIVE,Domestic,9,4,ACTUAL,2,2,4,1,3,Yes
11027,DISCONNECTED,Domestic,6,0,ACTUAL,2,2,3,2,6,Yes
11028,ACTIVE,Domestic,1,2,ACTUAL,0,1,3,2,6,Yes
11029,ACTIVE,Domestic,0,4,ACTUAL,0,2,5,1,23,Yes
11030,ACTIVE,Domestic,5,2,ACTUAL,2,3,5,2,10,Yes
11031,ACTIVE,Domestic,7,0,ACTUAL,0,2,4,0,24,No
11032,ACTIVE,Domestic,3,4,ESTIMATE,1,3,1,0,1,No
11033,ACTIVE,Domestic,2,5,ACTUAL,2,3,0,2,15,No
11034,ACTIVE,Domestic,5,3,ACTUAL,1,0,5,2,24,No
11035,ACTIVE,Domestic,3,4,ACTUAL,3,1,0,0,12,No
11036,DISCONNECTED,Domestic,3,1,ACTUAL,1,1,1,1,20,No
11037,ACTIVE,Domestic,4,5,ACTUAL,3,1,2,1,7,No
11038,ACTIVE,Domestic,4,4,ACTUAL,3,3,3,0,4,No
11039,ACTIVE,Domestic,5,2,ACTUAL,1,2,5,0,23,No
11040,ACTIVE,Domestic,1,5,ACTUAL,0,2,4,2,15,No
11041,ACTIVE,Domestic,3,5,ACTUAL,0,3,2,2,16,Yes
11042,ACTIVE,Domestic,8,5,ACTUAL,3,1,3,1,11,Yes
11043,ACTIVE,Domestic,1,5,ACTUAL,3,0,2,1,20,Yes
11044,ACTIVE,Domestic,1,3,ACTUAL,1,1,5,2,21,No
11045,ACTIVE,Domestic,0,2,ACTUAL,2,3,1,0,20,No
11046,ACTIVE,Domestic,8,0,ACTUAL,3,1,4,0,21,No
11047,ACTIVE,Domestic,7,1,ACTUAL,3,3,0,1,23,No
11048,ACTIVE,Domestic,5,1,ACTUAL,1,3,3,2,16,No
11049,ACTIVE,Domestic,2,5,ACTUAL,2,1,3,0,4,No
11050,ACTIVE,Domestic,4,3,ACTUAL,0,1,1,0,20,No
11051,ACTIVE,Domestic,10,5,ACTUAL,3,0,4,1,2,No
11052,ACTIVE,Domestic,9,1,ACTUAL,0,0,3,1,8,No
11053,ACTIVE,Domestic,7,0,ACTUAL,3,0,5,2,1,No
11054,ACTIVE,Domestic,8,5,ACTUAL,0,3,1,1,10,No
11055,ACTIVE,Domestic,9,1,ACTUAL,0,2,2,1,2,No
11056,ACTIVE,Domestic,4,3,ACTUAL,3,1,3,1,22,No
11057,ACTIVE,Domestic,9,3,ACTUAL,2,2,4,0,7,No
11058,ACTIVE,Domestic,2,4,ACTUAL,2,0,1,0,24,No
11059,ACTIVE,Domestic,7,1,ACTUAL,0,0,2,1,15,No
11060,ACTIVE,Domestic,1,3,ACTUAL,2,2,5,0,12,No
11061,ACTIVE,Domestic,5,4,ACTUAL,1,2,4,0,6,No
11062,ACTIVE,Domestic,8,4,ACTUAL,1,2,5,0,7,No
11063,ACTIVE,Domestic,7,4,ACTUAL,0,1,4,1,10,No
11064,ACTIVE,Domestic,8,5,ACTUAL,2,1,5,0,13,No
11065,ACTIVE,Domestic,5,3,ACTUAL,3,0,0,0,12,No
11066,ACTIVE,Domestic,4,5,ACTUAL,2,1,2,1,9,No
11067,ACTIVE,Domestic,5,1,ACTUAL,1,0,2,1,7,No
11068,ACTIVE,Domestic,6,3,ACTUAL,0,0,1,1,5,No
11069,ACTIVE,Domestic,10,4,ACTUAL,0,1,2,1,2,Yes
11070,ACTIVE,Domestic,3,1,ACTUAL,3,0,4,0,11,Yes
11071,ACTIVE,Domestic,5,2,ACTUAL,1,2,3,1,11,Yes
11072,ACTIVE,Domestic,4,4,ACTUAL,1,3,4,1,8,Yes
11073,ACTIVE,Domestic,9,1,ACTUAL,0,1,3,0,20,Yes
11074,ACTIVE,Domestic,1,3,ACTUAL,1,3,0,1,19,Yes
11075,ACTIVE,Domestic,9,1,ACTUAL,3,0,5,2,6,Yes
11076,ACTIVE,Domestic,9,4,ACTUAL,2,0,4,1,19,Yes
11077,ACTIVE,Domestic,3,2,ACTUAL,2,2,3,1,8,Yes
11078,ACTIVE,Domestic,4,1,ACTUAL,3,3,2,0,15,Yes
11079,ACTIVE,Domestic,8,2,ACTUAL,2,1,3,2,19,Yes
11080,ACTIVE,Domestic,4,0,ACTUAL,0,3,3,1,8,Yes
11081,ACTIVE,Domestic,6,1,ACTUAL,0,3,0,2,14,Yes
11082,ACTIVE,Domestic,8,2,ACTUAL,0,2,0,1,6,No
11083,ACTIVE,Domestic,7,5,ACTUAL,1,0,4,2,3,No
11084,ACTIVE,Domestic,10,0,ACTUAL,2,3,4,1,1,No
11085,ACTIVE,Domestic,9,3,ACTUAL,0,3,5,0,14,No
11086,ACTIVE,Commercial,6,1,ACTUAL,1,3,1,0,17,No
11087,ACTIVE,Commercial,8,1,ACTUAL,1,2,4,1,7,No
11088,ACTIVE,Commercial,2,4,ACTUAL,3,2,1,0,12,No
11089,ACTIVE,Commercial,4,5,ACTUAL,0,2,1,0,23,No
11090,ACTIVE,Commercial,6,0,ACTUAL,1,2,1,1,15,No
11091,ACTIVE,Domestic,7,1,ACTUAL,1,1,5,1,7,No
11092,ACTIVE,Domestic,4,0,ACTUAL,3,0,1,2,16,No
11093,ACTIVE,Domestic,9,0,ACTUAL,1,0,4,1,7,No
11094,ACTIVE,Domestic,3,1,ACTUAL,2,1,4,0,2,No
11095,ACTIVE,Domestic,0,5,ACTUAL,0,1,4,1,23,No
11096,ACTIVE,Domestic,1,3,ACTUAL,3,0,5,0,15,No
11097,ACTIVE,Domestic,3,0,ACTUAL,2,1,3,1,14,No
11098,ACTIVE,Domestic,5,3,ACTUAL,0,0,4,0,8,No
11099,ACTIVE,Domestic,6,1,ACTUAL,0,2,0,1,9,Yes
11100,ACTIVE,Domestic,6,2,ACTUAL,0,0,3,1,17,Yes
11101,ACTIVE,Domestic,2,1,ACTUAL,0,0,3,2,24,Yes
11102,ACTIVE,Commercial,7,0,ACTUAL,0,2,2,1,5,Yes
11103,ACTIVE,Commercial,5,0,ACTUAL,2,1,0,0,5,Yes
11104,ACTIVE,Commercial,9,2,ACTUAL,0,1,2,1,18,No
11105,ACTIVE,Commercial,10,1,ACTUAL,3,0,2,1,1,No
11106,ACTIVE,Commercial,7,1,ACTUAL,1,2,0,0,23,No
11107,ACTIVE,Commercial,3,4,ACTUAL,2,0,2,2,11,No
11108,ACTIVE,Commercial,2,1,ACTUAL,0,3,0,1,5,No
11109,ACTIVE,Commercial,9,1,ACTUAL,2,1,0,1,9,No
11110,ACTIVE,Commercial,4,0,ACTUAL,2,0,0,0,10,No
11111,ACTIVE,Commercial,0,3,ACTUAL,1,1,0,2,18,No
11112,ACTIVE,Commercial,10,3,ACTUAL,1,3,2,0,2,No
11113,ACTIVE,Commercial,5,2,ACTUAL,1,1,3,0,16,No
11114,ACTIVE,Commercial,9,0,ACTUAL,3,0,0,2,2,Yes
11115,ACTIVE,Domestic,1,3,ACTUAL,3,1,4,0,18,Yes
11116,ACTIVE,Domestic,1,5,ACTUAL,0,0,3,0,5,Yes
11117,ACTIVE,Domestic,2,1,ACTUAL,3,1,4,1,18,Yes
11118,ACTIVE,Domestic,3,4,ACTUAL,2,3,5,0,11,Yes
11119,ACTIVE,Domestic,7,3,ACTUAL,0,0,3,2,8,No
11120,ACTIVE,Domestic,8,3,ACTUAL,0,2,2,2,12,No
11121,ACTIVE,Domestic,8,4,ACTUAL,3,2,1,0,5,No
11122,ACTIVE,Domestic,4,1,ACTUAL,2,1,1,1,13,No
11123,ACTIVE,Domestic,6,3,ACTUAL,1,1,2,1,2,No
11124,ACTIVE,Domestic,3,1,ACTUAL,3,3,1,0,6,No
11125,ACTIVE,Domestic,4,0,ACTUAL,1,2,3,2,18,No
11126,ACTIVE,Domestic,9,0,ACTUAL,2,3,0,0,4,No
11127,ACTIVE,Domestic,1,2,ACTUAL,2,0,2,0,7,Yes
11128,ACTIVE,Domestic,4,3,ACTUAL,3,3,0,0,16,Yes
11129,ACTIVE,Domestic,2,0,ACTUAL,3,2,3,0,13,Yes
11130,ACTIVE,Domestic,9,0,ACTUAL,0,1,4,2,20,No
11131,ACTIVE,Domestic,3,0,ACTUAL,0,2,4,1,19,No
11132,ACTIVE,Domestic,8,1,ACTUAL,0,0,0,1,12,No
11133,ACTIVE,Domestic,5,2,ACTUAL,1,3,2,0,24,No
11134,ACTIVE,Domestic,2,0,ACTUAL,1,1,4,0,5,No
11135,ACTIVE,Domestic,4,1,ACTUAL,2,2,4,2,11,No
11136,ACTIVE,Domestic,7,2,ACTUAL,3,3,4,1,6,No
11137,ACTIVE,Domestic,9,3,ACTUAL,1,3,3,1,22,No
11138,ACTIVE,Domestic,2,4,ACTUAL,1,1,1,2,16,Yes
11139,ACTIVE,Domestic,3,4,ACTUAL,2,2,1,1,4,Yes
11140,ACTIVE,Domestic,0,5,ACTUAL,3,3,1,2,9,Yes
11141,ACTIVE,Domestic,0,3,ACTUAL,0,0,5,0,13,Yes
11142,ACTIVE,Domestic,4,3,ACTUAL,3,3,1,0,14,Yes
11143,ACTIVE,Domestic,1,2,ACTUAL,2,2,1,2,20,No
11144,ACTIVE,Domestic,8,2,ACTUAL,2,3,5,2,21,No
11145,ACTIVE,Domestic,4,5,ACTUAL,3,3,2,0,17,No
11146,ACTIVE,Domestic,0,4,ACTUAL,1,3,3,1,22,No
11147,ACTIVE,Commercial,1,1,ACTUAL,3,0,0,2,16,No
11148,ACTIVE,Commercial,6,4,ACTUAL,2,3,2,1,18,No
11149,ACTIVE,Domestic,10,4,ACTUAL,1,2,1,1,18,No
11150,ACTIVE,Commercial,1,2,ACTUAL,2,2,5,0,20,No
11151,ACTIVE,Domestic,6,0,ACTUAL,3,2,1,0,2,No
11152,ACTIVE,Domestic,2,3,ACTUAL,1,1,3,1,4,No
11153,ACTIVE,Commercial,10,1,ACTUAL,1,3,2,0,10,No
11154,ACTIVE,Domestic,10,2,ACTUAL,3,0,3,0,9,Yes
11155,ACTIVE,Domestic,2,0,ACTUAL,2,1,0,2,6,Yes
11156,ACTIVE,Commercial,4,5,ACTUAL,1,0,3,0,10,Yes
11157,ACTIVE,Domestic,1,0,ACTUAL,1,0,2,2,15,Yes
11158,ACTIVE,Domestic,6,4,ACTUAL,3,1,2,0,12,Yes
11159,ACTIVE,Domestic,10,2,ACTUAL,3,1,1,0,12,No
11160,ACTIVE,Commercial,5,5,ACTUAL,3,1,1,2,8,No
11161,ACTIVE,Domestic,6,3,ACTUAL,2,2,0,2,20,No
11162,ACTIVE,Domestic,0,2,ACTUAL,3,2,1,2,19,No
11163,ACTIVE,Domestic,6,5,ACTUAL,1,2,0,1,22,No
11164,ACTIVE,Domestic,7,3,ACTUAL,0,1,0,2,19,No
11165,ACTIVE,Commercial,10,2,ACTUAL,3,2,5,1,21,No
11166,ACTIVE,Domestic,3,2,ACTUAL,1,3,3,0,2,Yes
11167,ACTIVE,Domestic,3,0,ACTUAL,0,3,2,2,13,Yes
11168,ACTIVE,Commercial,10,4,ACTUAL,2,0,5,0,13,Yes
11169,ACTIVE,Domestic,5,5,ACTUAL,0,0,2,1,11,Yes
11170,ACTIVE,Domestic,4,0,ACTUAL,2,3,0,1,3,No
11171,ACTIVE,Commercial,2,3,ACTUAL,1,2,1,2,15,No
11172,ACTIVE,Domestic,4,4,ACTUAL,0,2,5,2,16,No
11173,ACTIVE,Commercial,6,3,ACTUAL,3,2,0,0,21,No
11174,ACTIVE,Domestic,4,0,ACTUAL,1,1,5,0,23,No
11175,ACTIVE,Commercial,9,4,ACTUAL,3,1,5,0,17,No
11176,ACTIVE,Domestic,4,4,ACTUAL,3,0,5,1,7,No
11177,ACTIVE,Commercial,2,4,ACTUAL,1,0,2,0,3,No
11178,DISCONNECTED,Domestic,3,1,ACTUAL,2,2,0,1,16,No
11179,ACTIVE,Domestic,9,3,ACTUAL,3,1,5,0,14,No
11180,ACTIVE,Commercial,10,0,ACTUAL,0,3,3,0,8,No
11181,ACTIVE,Commercial,2,1,ACTUAL,0,1,1,0,9,No
11182,ACTIVE,Commercial,8,1,ACTUAL,1,1,2,0,10,No
11183,ACTIVE,Commercial,1,5,ACTUAL,1,1,5,1,14,No
11184,DISCONNECTED,Domestic,8,4,ACTUAL,1,2,0,1,1,No
11185,ACTIVE,Domestic,4,1,ACTUAL,1,2,4,1,1,No
11186,ACTIVE,Commercial,1,0,ACTUAL,1,3,2,0,17,No
11187,ACTIVE,Domestic,9,3,ACTUAL,2,0,5,0,23,No
11188,ACTIVE,Domestic,8,0,ACTUAL,0,1,0,2,18,No
11189,ACTIVE,Domestic,0,2,ACTUAL,1,0,2,2,7,No
11190,ACTIVE,Domestic,10,1,ACTUAL,1,3,0,0,1,Yes
11191,ACTIVE,Domestic,2,5,ACTUAL,0,2,3,1,7,Yes
11192,ACTIVE,Domestic,8,5,ACTUAL,1,3,5,2,21,Yes
11193,ACTIVE,Domestic,7,2,ACTUAL,0,2,0,1,21,Yes
11194,ACTIVE,Domestic,8,1,ACTUAL,2,0,2,1,20,No
11195,ACTIVE,Domestic,8,0,ACTUAL,0,0,0,1,17,Yes
11196,ACTIVE,Domestic,8,0,ACTUAL,0,2,4,1,21,Yes
11197,ACTIVE,Domestic,8,3,ACTUAL,2,0,0,1,3,No
11198,ACTIVE,Domestic,8,3,ACTUAL,0,3,1,1,3,Yes
11199,ACTIVE,Domestic,9,5,ACTUAL,3,3,4,0,7,Yes
11200,ACTIVE,Domestic,4,4,ACTUAL,0,0,0,0,9,No
11201,ACTIVE,Domestic,0,0,ACTUAL,2,3,2,1,4,Yes
11202,ACTIVE,Domestic,9,2,ACTUAL,3,1,3,2,10,Yes
11203,ACTIVE,Domestic,3,5,ACTUAL,2,3,5,1,2,Yes
11204,ACTIVE,Domestic,5,0,ESTIMATE,2,3,5,2,19,Yes
11205,ACTIVE,Domestic,0,3,ACTUAL,1,0,3,0,18,Yes
11206,ACTIVE,Domestic,5,5,ACTUAL,2,1,0,2,10,Yes
11207,ACTIVE,Domestic,10,5,ACTUAL,3,0,4,1,4,Yes
11208,ACTIVE,Domestic,2,3,ACTUAL,2,3,4,2,1,Yes
11209,ACTIVE,Domestic,5,3,ACTUAL,0,2,0,0,20,Yes
11210,ACTIVE,Domestic,7,1,ACTUAL,0,3,4,2,3,Yes
11211,ACTIVE,Domestic,10,2,ACTUAL,2,0,2,2,15,Yes
11212,ACTIVE,Domestic,0,3,ACTUAL,1,2,5,0,3,Yes
11213,ACTIVE,Domestic,7,2,ACTUAL,1,0,1,2,9,Yes
11214,ACTIVE,Domestic,3,5,ACTUAL,3,0,0,2,19,Yes
11215,ACTIVE,Domestic,0,4,ACTUAL,1,2,4,2,8,Yes
11216,ACTIVE,Domestic,5,4,ACTUAL,0,1,1,0,2,Yes
11217,ACTIVE,Domestic,5,2,ACTUAL,0,3,1,0,24,Yes
11218,ACTIVE,Domestic,10,3,ACTUAL,0,2,2,2,8,Yes
11219,ACTIVE,Domestic,9,0,ACTUAL,0,0,0,0,7,Yes
11220,ACTIVE,Domestic,10,4,ACTUAL,3,0,0,2,7,Yes
11221,ACTIVE,Domestic,8,5,ACTUAL,1,1,2,0,5,Yes
11222,ACTIVE,Domestic,6,2,ACTUAL,0,2,2,2,14,Yes
11223,ACTIVE,Domestic,3,0,ACTUAL,2,3,3,0,7,Yes
11224,ACTIVE,Domestic,1,1,ACTUAL,3,0,5,2,24,Yes
11225,ACTIVE,Domestic,5,0,ACTUAL,0,0,1,1,20,No
11226,ACTIVE,Domestic,0,3,ACTUAL,3,1,3,1,19,Yes
11227,ACTIVE,Commercial,4,3,ACTUAL,3,2,2,1,17,Yes
11228,ACTIVE,Commercial,4,1,ACTUAL,1,0,2,2,23,No
11229,ACTIVE,Commercial,1,4,ACTUAL,0,3,3,0,19,Yes
11230,ACTIVE,Commercial,9,1,ACTUAL,3,3,5,1,13,Yes
11231,ACTIVE,Commercial,2,4,ACTUAL,1,2,5,1,12,Yes
11232,ACTIVE,Domestic,8,5,ACTUAL,0,0,5,0,1,No
11233,ACTIVE,Domestic,0,5,ACTUAL,2,1,2,2,13,Yes
11234,ACTIVE,Domestic,2,0,ACTUAL,2,2,3,0,17,Yes
11235,DISCONNECTED,Commercial,0,5,ESTIMATE,1,1,2,1,22,Yes
11236,DISCONNECTED,Domestic,7,1,ESTIMATE,2,3,4,0,3,Yes
11237,DISCONNECTED,Domestic,0,3,ESTIMATE,3,0,2,0,17,Yes
11238,ACTIVE,Commercial,6,1,ACTUAL,2,0,4,1,5,Yes
11239,ACTIVE,Domestic,7,4,ACTUAL,2,2,1,1,18,Yes
11240,ACTIVE,Domestic,10,1,ACTUAL,1,3,2,2,17,Yes
11241,ACTIVE,Commercial,5,5,ACTUAL,3,0,0,2,20,No
11242,ACTIVE,Commercial,2,0,ESTIMATE,3,0,2,1,16,No
11243,ACTIVE,Commercial,1,5,ACTUAL,3,0,3,2,12,Yes
